pt1_X,pt1_Y,pt1_Z,pt2_X,pt2_Y,pt2_Z,pt3_X,pt3_Y,pt3_Z,pt4_X,pt4_Y,pt4_Z
NaN,NaN,NaN,NaN,NaN,NaN,NaN,NaN,NaN,NaN,NaN,NaN
NaN,NaN,NaN,NaN,NaN,NaN,NaN,NaN,NaN,NaN,NaN,NaN
NaN,NaN,NaN,NaN,NaN,NaN,NaN,NaN,NaN,NaN,NaN,NaN
NaN,NaN,NaN,NaN,NaN,NaN,NaN,NaN,NaN,NaN,NaN,NaN
NaN,NaN,NaN,NaN,NaN,NaN,NaN,NaN,NaN,NaN,NaN,NaN
NaN,NaN,NaN,NaN,NaN,NaN,NaN,NaN,NaN,NaN,NaN,NaN
NaN,NaN,NaN,NaN,NaN,NaN,NaN,NaN,NaN,NaN,NaN,NaN
NaN,NaN,NaN,NaN,NaN,NaN,NaN,NaN,NaN,NaN,NaN,NaN
NaN,NaN,NaN,NaN,NaN,NaN,NaN,NaN,NaN,NaN,NaN,NaN
NaN,NaN,NaN,NaN,NaN,NaN,NaN,NaN,NaN,NaN,NaN,NaN
NaN,NaN,NaN,NaN,NaN,NaN,NaN,NaN,NaN,NaN,NaN,NaN
NaN,NaN,NaN,NaN,NaN,NaN,NaN,NaN,NaN,NaN,NaN,NaN
NaN,NaN,NaN,NaN,NaN,NaN,NaN,NaN,NaN,NaN,NaN,NaN
NaN,NaN,NaN,NaN,NaN,NaN,NaN,NaN,NaN,NaN,NaN,NaN
NaN,NaN,NaN,NaN,NaN,NaN,NaN,NaN,NaN,NaN,NaN,NaN
NaN,NaN,NaN,NaN,NaN,NaN,NaN,NaN,NaN,NaN,NaN,NaN
NaN,NaN,NaN,NaN,NaN,NaN,NaN,NaN,NaN,NaN,NaN,NaN
NaN,NaN,NaN,NaN,NaN,NaN,NaN,NaN,NaN,NaN,NaN,NaN
NaN,NaN,NaN,NaN,NaN,NaN,NaN,NaN,NaN,NaN,NaN,NaN
NaN,NaN,NaN,NaN,NaN,NaN,NaN,NaN,NaN,NaN,NaN,NaN
NaN,NaN,NaN,NaN,NaN,NaN,NaN,NaN,NaN,NaN,NaN,NaN
NaN,NaN,NaN,NaN,NaN,NaN,NaN,NaN,NaN,NaN,NaN,NaN
NaN,NaN,NaN,NaN,NaN,NaN,NaN,NaN,NaN,NaN,NaN,NaN
NaN,NaN,NaN,NaN,NaN,NaN,NaN,NaN,NaN,NaN,NaN,NaN
NaN,NaN,NaN,NaN,NaN,NaN,NaN,NaN,NaN,NaN,NaN,NaN
NaN,NaN,NaN,NaN,NaN,NaN,NaN,NaN,NaN,NaN,NaN,NaN
NaN,NaN,NaN,NaN,NaN,NaN,NaN,NaN,NaN,NaN,NaN,NaN
NaN,NaN,NaN,NaN,NaN,NaN,NaN,NaN,NaN,NaN,NaN,NaN
NaN,NaN,NaN,NaN,NaN,NaN,NaN,NaN,NaN,NaN,NaN,NaN
NaN,NaN,NaN,NaN,NaN,NaN,NaN,NaN,NaN,NaN,NaN,NaN
NaN,NaN,NaN,NaN,NaN,NaN,NaN,NaN,NaN,NaN,NaN,NaN
NaN,NaN,NaN,NaN,NaN,NaN,NaN,NaN,NaN,NaN,NaN,NaN
NaN,NaN,NaN,NaN,NaN,NaN,NaN,NaN,NaN,NaN,NaN,NaN
NaN,NaN,NaN,NaN,NaN,NaN,NaN,NaN,NaN,NaN,NaN,NaN
0.090171,0.157181,-0.022275,0.104436,0.181206,-0.026701,0.110401,0.155910,-0.026684,0.077258,0.155800,0.003733
0.094602,0.156495,-0.042909,0.111449,0.182649,-0.029372,0.112264,0.157055,-0.036283,0.087975,0.162272,-0.019805
0.103331,0.159380,-0.048710,NaN,NaN,NaN,0.118348,0.165840,-0.026131,0.091062,0.170701,-0.048054
0.111127,0.160380,-0.053912,0.124237,0.189746,-0.029232,0.119299,0.163743,-0.026355,0.092016,0.182080,-0.064159
0.113333,0.163242,-0.055606,0.129419,0.186754,-0.031686,0.118455,0.160948,-0.025125,0.102706,0.184026,-0.077048
0.111812,0.170691,-0.056377,0.128347,0.185358,-0.031104,0.123466,0.164394,-0.026789,0.100756,0.192241,-0.075799
0.108329,0.179122,-0.054597,0.128606,0.186772,-0.028462,0.120718,0.159142,-0.020875,0.089405,0.197014,-0.075253
0.101987,0.185083,-0.045093,0.123416,0.189963,-0.030844,0.120796,0.158827,-0.019879,0.077456,0.203819,-0.055711
0.094691,0.188520,-0.029662,0.121739,0.188668,-0.019079,0.122057,0.158999,-0.016516,0.071816,0.202594,-0.026485
0.088402,0.186925,-0.013701,0.118232,0.188437,-0.012737,0.122299,0.159383,-0.013698,0.059834,0.197520,-0.000833
0.087334,0.180486,0.000192,0.114724,0.186353,-0.008448,0.120315,0.157123,-0.011151,0.055337,0.178866,0.018924
0.087618,0.169617,0.007769,0.113396,0.182165,-0.002087,0.120587,0.157858,-0.011786,0.066112,0.160451,0.026972
0.090688,0.160066,0.007697,0.111811,0.181020,-0.000449,0.121626,0.157664,-0.009506,0.075601,0.148152,0.025657
0.096220,0.155963,0.002033,0.113738,0.179814,-0.000154,0.123732,0.157705,-0.008257,0.085268,0.139891,0.019885
0.102974,0.157023,-0.008251,0.116488,0.182474,-0.000056,0.122677,0.156135,-0.006468,0.094993,0.143137,0.011263
0.113687,0.162217,-0.015573,0.124933,0.184681,-0.002765,0.122841,0.154842,-0.012592,0.104247,0.158747,-0.004161
0.124858,0.163829,-0.029068,0.129428,0.185400,-0.002730,0.132580,0.161653,-0.008390,0.113540,0.178540,-0.023497
0.131487,0.166101,-0.030837,0.126436,0.184237,-0.004627,0.131125,0.160504,-0.004233,0.118778,0.186903,-0.027779
0.125433,0.167820,-0.030945,0.137835,0.186540,-0.005052,0.131214,0.155870,-0.002438,0.119341,0.198514,-0.050891
0.120402,0.174656,-0.031186,0.138111,0.187544,-0.005777,0.130973,0.155197,-0.000195,0.107728,0.198390,-0.058242
0.114072,0.179568,-0.026237,0.131865,0.189783,-0.000917,0.132486,0.156376,0.003965,0.092682,0.195814,-0.044212
0.106300,0.180021,-0.018037,0.133145,0.187756,0.001472,0.129516,0.158286,0.006987,0.075113,0.194277,-0.029723
0.098068,0.178157,-0.001073,0.126425,0.188033,0.010471,0.130950,0.158605,0.007321,0.059458,0.181549,-0.008926
0.090804,0.167653,0.010986,0.121217,0.186458,0.011874,0.130227,0.158916,0.010537,0.057246,0.168189,0.016329
0.094559,0.163232,0.020891,0.116226,0.182695,0.011926,0.131194,0.159419,0.012240,0.066802,0.154956,0.038957
0.103067,0.159364,0.029813,0.119145,0.180502,0.016613,0.129616,0.159170,0.012918,0.086112,0.148612,0.052229
0.110188,0.157511,0.030784,0.121816,0.182160,0.017834,0.129296,0.158633,0.013378,0.104354,0.150857,0.046829
0.114417,0.158170,0.025467,0.122070,0.183295,0.016772,0.130582,0.158729,0.014303,0.110275,0.155717,0.042551
0.115284,0.160520,0.016551,0.125605,0.184028,0.012692,0.130096,0.157735,0.013203,0.112574,0.161832,0.035862
0.118542,0.164964,0.006309,0.129967,0.185426,0.013431,0.132514,0.159112,0.015351,0.110290,0.177254,0.019493
0.123143,0.167185,-0.003345,0.136313,0.188624,0.016707,0.134691,0.159400,0.016352,0.116049,0.186481,0.000094
0.126259,0.170413,-0.008768,0.142777,0.190558,0.015992,0.133685,0.156984,0.017125,0.119492,0.195908,-0.018652
0.126127,0.175015,-0.007988,0.143681,0.186621,0.018839,0.132954,0.157922,0.020647,0.115307,0.196589,-0.031382
0.121234,0.180929,-0.007928,0.141293,0.189343,0.016368,0.133154,0.158973,0.023120,0.103754,0.195279,-0.035291
0.109481,0.182069,0.000300,0.135157,0.190042,0.018722,0.132298,0.159313,0.025288,0.087622,0.199430,-0.018603
0.098970,0.183352,0.013735,0.132948,0.191439,0.023737,0.131875,0.159873,0.027884,0.072430,0.196299,0.004928
0.095489,0.181254,0.025587,0.125933,0.187392,0.029602,0.128347,0.160206,0.030121,0.064137,0.188683,0.030841
0.091940,0.175850,0.042140,0.117545,0.186780,0.035340,0.127398,0.160204,0.035367,0.063034,0.173181,0.058277
0.089169,0.169350,0.054182,0.118519,0.185635,0.041878,0.126998,0.161239,0.037084,0.076115,0.158194,0.077012
0.103111,0.161369,0.063816,0.120310,0.184167,0.047638,0.127032,0.161273,0.038615,0.097049,0.151954,0.084267
0.110801,0.158309,0.061559,0.120861,0.183384,0.048241,0.126955,0.161292,0.038659,0.123480,0.148728,0.090996
0.115521,0.159802,0.054989,0.122465,0.186289,0.046321,0.126761,0.161397,0.039753,0.121739,0.151909,0.077103
0.117656,0.163222,0.044058,0.123562,0.187805,0.042435,0.128685,0.161159,0.040424,0.122079,0.167694,0.069104
0.122321,0.166438,0.029693,0.129755,0.186192,0.035906,0.130432,0.161539,0.039778,0.120936,0.178891,0.046096
0.125412,0.164748,0.024512,0.141672,0.183975,0.025273,0.128869,0.159038,0.039289,0.118942,0.184895,0.027789
0.130431,0.164848,0.020802,NaN,NaN,NaN,0.128052,0.156968,0.040338,0.121521,0.179485,0.011879
0.122421,0.164893,0.019117,0.137120,0.188302,0.036317,0.124044,0.157286,0.044339,0.115785,0.181691,0.005077
0.112714,0.167496,0.019602,0.136181,0.188966,0.038239,0.127770,0.160013,0.048553,0.106460,0.184801,-0.001970
0.104695,0.172218,0.025014,0.132792,0.187746,0.039620,0.122016,0.158567,0.051988,0.084743,0.187066,0.002903
0.099709,0.175786,0.032132,0.129681,0.192131,0.044995,0.124885,0.161263,0.055163,0.064096,0.189051,0.022118
0.090990,0.178256,0.043773,0.122645,0.189893,0.048960,0.124884,0.162152,0.057530,0.053482,0.186349,0.049458
0.087034,0.177953,0.060746,0.115467,0.190375,0.055616,0.120263,0.162299,0.058537,0.054143,0.176288,0.076831
0.088951,0.172642,0.077377,0.112805,0.189790,0.062572,0.120977,0.164115,0.058797,0.067812,0.164472,0.099069
NaN,NaN,NaN,0.112713,0.187343,0.068484,0.120170,0.164824,0.061004,0.087998,0.155438,0.114484
0.100338,0.164633,0.087811,0.113831,0.187539,0.068875,0.119283,0.165615,0.061807,0.102077,0.154727,0.110253
0.107405,0.164437,0.083819,0.112771,0.189649,0.070596,0.118626,0.165270,0.062973,0.116480,0.156658,0.098823
0.108416,0.165794,0.075065,0.113504,0.190859,0.064783,0.118436,0.164970,0.064955,0.118068,0.160641,0.093526
0.108904,0.168371,0.061383,0.115245,0.193549,0.065334,0.117986,0.163544,0.062723,0.113285,0.174083,0.088263
0.114620,0.170758,0.049908,0.114785,0.186807,0.037179,0.119038,0.163116,0.063368,0.104531,0.180580,0.056863
0.116424,0.170156,0.045663,0.119114,0.162729,0.064462,0.119285,0.162367,0.064689,0.100890,0.186652,0.037425
0.113253,0.170736,0.043063,0.119950,0.193558,0.059671,0.115657,0.161845,0.067111,0.096249,0.196468,0.022970
0.102329,0.174950,0.041295,0.118169,0.195058,0.063154,0.113708,0.162647,0.070741,0.083968,0.194442,0.016896
0.091849,0.180347,0.047729,0.112816,0.194409,0.064013,0.111556,0.163008,0.073848,0.064309,0.193542,0.026210
0.081565,0.183274,0.057089,0.109131,0.194155,0.066726,0.109064,0.164207,0.077168,0.041679,0.195758,0.046902
0.072844,0.182088,0.067883,0.102794,0.194572,0.072478,0.107753,0.166179,0.078867,0.036703,0.183269,0.073208
0.067816,0.177472,0.082893,0.097255,0.194633,0.079486,0.105762,0.167289,0.081799,0.035634,0.168949,0.096589
0.071039,0.169696,0.096146,0.094320,0.194046,0.085552,0.104337,0.168139,0.081204,0.044399,0.156258,0.113555
0.076332,0.165554,0.104374,0.093057,0.191049,0.089175,0.103055,0.167943,0.081315,0.067232,0.150505,0.131348
0.082788,0.164002,0.105332,0.092865,0.190738,0.090969,0.101991,0.168841,0.082632,0.084781,0.149512,0.129888
0.087785,0.166665,0.100106,0.093504,0.193649,0.089660,0.100735,0.168166,0.082743,0.099512,0.161440,0.123644
0.088710,0.169260,0.090548,0.091959,0.194631,0.086330,0.099556,0.168163,0.082497,0.098216,0.164031,0.110681
0.090778,0.174061,0.077834,0.095121,0.197290,0.082118,0.099188,0.167691,0.081474,0.097847,0.169366,0.097152
0.095498,0.177434,0.069032,0.096794,0.198477,0.085175,0.098848,0.168542,0.080588,0.086180,0.188276,0.078307
0.100148,0.175807,0.066135,NaN,NaN,NaN,0.097509,0.167552,0.081193,0.085558,0.191354,0.061088
0.095858,0.175138,0.060049,0.104020,0.197916,0.080533,0.094872,0.167131,0.083156,0.082251,0.196959,0.048045
0.088158,0.179997,0.056951,0.099512,0.203267,0.079617,0.093019,0.168026,0.085157,0.071751,0.202299,0.039847
0.074017,0.182833,0.060545,0.094487,0.206488,0.085037,0.092102,0.168920,0.087439,0.047666,0.202369,0.040400
0.062494,0.189442,0.068461,0.087077,0.202808,0.083660,0.087961,0.171031,0.088623,0.029857,0.201837,0.057327
0.048142,0.189134,0.079384,0.083067,0.200424,0.083115,0.084646,0.172619,0.090727,0.013165,0.193133,0.075579
0.046320,0.186126,0.089945,0.072948,0.200478,0.089631,0.080545,0.172832,0.093416,0.009425,0.177994,0.096192
0.046592,0.177528,0.101482,0.070020,0.198792,0.093839,0.078254,0.173413,0.094269,0.018804,0.167017,0.118751
0.052239,0.173862,0.108462,0.069468,0.198694,0.095802,0.076334,0.173793,0.094319,0.034551,0.159468,0.130189
0.056070,0.174128,0.107662,0.069810,0.198795,0.095871,0.077084,0.175237,0.094177,0.053981,0.161076,0.127386
0.059930,0.177007,0.101111,0.068695,0.202264,0.096989,0.074757,0.174462,0.089632,0.062893,0.169353,0.119102
0.062007,0.179635,0.090787,0.070535,0.204822,0.091286,0.073156,0.175111,0.092130,0.067996,0.177870,0.116216
0.068705,0.184017,0.078647,0.071436,0.203014,0.081765,0.073360,0.176816,0.089539,0.065788,0.190360,0.104328
0.078357,0.184398,0.073311,0.077912,0.196148,0.083834,0.073497,0.176397,0.087185,0.064709,0.199820,0.071923
0.077673,0.184942,0.066173,0.083371,0.204359,0.090312,0.071016,0.176034,0.089192,0.069644,0.212903,0.058772
0.071049,0.188791,0.059397,0.083119,0.207900,0.086039,0.067199,0.176775,0.090482,0.067942,0.219872,0.038586
0.058768,0.194864,0.056672,0.077637,0.207818,0.085219,0.064017,0.181884,0.092022,0.058170,0.219361,0.028870
0.052378,0.203780,0.059451,0.071240,0.210332,0.087089,0.061757,0.182556,0.091570,0.034701,0.223462,0.036277
0.039855,0.209965,0.068379,0.068621,0.212312,0.093837,0.058907,0.184888,0.093702,0.009363,0.229331,0.050471
0.027179,0.211333,0.079291,0.056776,0.214336,0.094542,0.054243,0.185268,0.094586,-0.009958,0.222753,0.075802
0.017411,0.207596,0.094261,0.051094,0.218411,0.097031,0.050129,0.186299,0.096284,-0.017661,0.209857,0.102936
0.014623,0.200396,0.109635,0.042213,0.211921,0.100334,0.048415,0.185885,0.098591,-0.014623,0.196062,0.130070
0.018310,0.194356,0.119539,0.042968,0.212188,0.103869,0.047013,0.186188,0.100013,-0.000410,0.182528,0.141619
0.023439,0.190545,0.117272,0.042614,0.212150,0.105993,0.045916,0.187273,0.099849,0.017461,0.186542,0.138269
0.027060,0.191074,0.114997,0.042899,0.214367,0.104334,0.044081,0.187907,0.099165,NaN,NaN,NaN
0.028731,0.191702,0.104636,0.039107,0.213774,0.099644,0.042786,0.188267,0.098618,NaN,NaN,NaN
0.032699,0.193026,0.089579,0.045677,0.216566,0.097586,0.041138,0.187269,0.097454,NaN,NaN,NaN
0.040533,0.192022,0.078125,0.049266,0.214307,0.091534,0.038864,0.185836,0.095950,NaN,NaN,NaN
0.038968,0.191602,0.074607,0.050925,0.216578,0.092719,0.038466,0.186062,0.096153,NaN,NaN,NaN
0.032448,0.194743,0.067989,0.047579,0.215085,0.090855,0.033446,0.185307,0.096780,NaN,NaN,NaN
0.020916,0.201248,0.065031,0.042618,0.215936,0.089618,0.031972,0.187478,0.098471,NaN,NaN,NaN
0.010471,0.208401,0.068354,0.035310,0.223617,0.095446,0.030875,0.189622,0.101167,NaN,NaN,NaN
0.002490,0.215930,0.079759,0.031588,0.224081,0.099085,0.026085,0.191053,0.102058,NaN,NaN,NaN
-0.009717,0.216631,0.094118,0.021268,0.225819,0.096087,0.022928,0.192352,0.103585,NaN,NaN,NaN
-0.016969,0.210526,0.105150,0.014911,0.221675,0.101261,0.018626,0.192784,0.103374,NaN,NaN,NaN
-0.017460,0.204111,0.119221,0.010590,0.220557,0.106397,0.016683,0.193375,0.105671,NaN,NaN,NaN
-0.013113,0.199347,0.127166,0.008279,0.218811,0.109881,0.015192,0.193930,0.104847,NaN,NaN,NaN
-0.006947,0.197421,0.126817,0.009747,0.220314,0.110611,0.013038,0.194566,0.104934,NaN,NaN,NaN
-0.005934,0.197040,0.120863,0.008372,0.221594,0.108315,0.010385,0.194930,0.104348,NaN,NaN,NaN
-0.003875,0.198623,0.109715,0.007015,0.223304,0.103526,0.008592,0.195691,0.104105,NaN,NaN,NaN
-0.000873,0.200144,0.094045,0.012408,0.224555,0.098907,0.007513,0.194860,0.099813,NaN,NaN,NaN
0.005542,0.200981,0.083321,NaN,NaN,NaN,0.007800,0.195813,0.098882,NaN,NaN,NaN
0.006821,0.200656,0.072386,0.016252,0.225084,0.095857,0.002430,0.193376,0.098196,NaN,NaN,NaN
0.000793,0.202811,0.068825,0.012568,0.224624,0.092832,0.001631,0.196650,0.100271,NaN,NaN,NaN
-0.008089,0.206167,0.068460,0.006378,0.226752,0.091123,-0.001825,0.196723,0.100692,NaN,NaN,NaN
-0.021275,0.214471,0.070778,-0.000538,0.230821,0.097020,-0.006032,0.197371,0.101696,NaN,NaN,NaN
-0.038330,0.220182,0.078500,-0.008380,0.232273,0.099233,-0.009556,0.200679,0.102235,NaN,NaN,NaN
-0.041650,0.225304,0.092828,-0.014331,0.233833,0.101940,-0.012510,0.202367,0.101575,NaN,NaN,NaN
-0.052350,0.218050,0.102005,-0.019492,0.231325,0.100539,-0.015211,0.202858,0.102129,NaN,NaN,NaN
-0.051050,0.212339,0.114994,-0.023983,0.229971,0.103325,-0.017144,0.203497,0.102721,NaN,NaN,NaN
-0.046548,0.208835,0.121161,-0.025336,0.229737,0.105552,-0.021160,0.202707,0.102886,NaN,NaN,NaN
-0.041856,0.209092,0.122254,-0.022247,0.231161,0.106761,-0.022885,0.204235,0.102673,NaN,NaN,NaN
-0.041571,0.209084,0.115854,-0.024605,0.232468,0.103984,-0.025350,0.204711,0.102336,NaN,NaN,NaN
-0.039115,0.209229,0.103386,-0.025218,0.233159,0.098566,-0.026987,0.205357,0.102405,NaN,NaN,NaN
-0.034224,0.211786,0.094447,-0.018965,0.232228,0.094839,-0.027522,0.204559,0.098871,NaN,NaN,NaN
-0.027866,0.207956,0.080086,-0.020299,0.232751,0.093265,-0.028261,0.203679,0.096053,NaN,NaN,NaN
-0.030451,0.206971,0.076962,-0.014974,0.236169,0.095923,-0.030589,0.205064,0.096061,NaN,NaN,NaN
-0.036301,0.211335,0.068459,-0.021592,0.231949,0.088215,-0.030226,0.209238,0.100144,NaN,NaN,NaN
-0.045512,0.214175,0.066294,-0.026621,0.231619,0.086954,-0.036874,0.208260,0.100171,NaN,NaN,NaN
-0.050811,0.218527,0.072551,-0.033966,0.239478,0.094738,-0.042375,0.208457,0.100297,NaN,NaN,NaN
-0.072259,0.228299,0.079653,-0.040813,0.238071,0.091571,-0.047714,0.208374,0.101730,NaN,NaN,NaN
-0.082935,0.227254,0.090098,-0.048965,0.241699,0.095718,-0.049550,0.212612,0.098306,NaN,NaN,NaN
-0.086793,0.226398,0.105125,-0.053779,0.239575,0.098458,-0.050284,0.212454,0.100040,NaN,NaN,NaN
-0.083892,0.224536,0.117653,-0.054593,0.238368,0.102694,-0.053950,0.213618,0.102293,NaN,NaN,NaN
-0.077277,0.222684,0.123370,-0.053636,0.240639,0.103759,-0.055546,0.214351,0.099268,NaN,NaN,NaN
-0.067483,0.221875,0.124102,-0.055340,0.240947,0.103820,-0.057630,0.215007,0.098669,NaN,NaN,NaN
-0.073474,0.219056,0.113430,-0.057501,0.241537,0.101207,-0.060008,0.214053,0.097748,NaN,NaN,NaN
-0.070076,0.218625,0.100324,-0.056326,0.242600,0.097645,-0.061987,0.212759,0.097037,NaN,NaN,NaN
-0.063779,0.218310,0.089563,NaN,NaN,NaN,-0.060510,0.209501,0.091394,NaN,NaN,NaN
-0.058139,0.214780,0.077098,NaN,NaN,NaN,-0.061243,0.214327,0.096506,NaN,NaN,NaN
-0.061800,0.213497,0.073340,-0.050407,0.240506,0.091419,-0.065483,0.215480,0.098686,NaN,NaN,NaN
-0.071700,0.217512,0.066016,-0.054627,0.240236,0.087781,-0.071972,0.214624,0.100273,NaN,NaN,NaN
-0.083060,0.224800,0.064046,-0.061296,0.241315,0.086697,-0.072521,0.217101,0.099273,NaN,NaN,NaN
-0.092421,0.232550,0.071528,-0.066733,0.249002,0.096223,-0.074790,0.217878,0.099006,NaN,NaN,NaN
-0.106287,0.233390,0.078351,-0.076222,0.246054,0.093767,-0.081338,0.217996,0.100211,NaN,NaN,NaN
-0.115992,0.233568,0.092233,-0.082530,0.247008,0.096477,-0.080814,0.220329,0.102043,NaN,NaN,NaN
-0.118166,0.232132,0.105446,-0.085063,0.246368,0.099117,-0.082332,0.220676,0.103609,NaN,NaN,NaN
-0.114182,0.228255,0.117542,-0.085470,0.246734,0.101093,-0.083595,0.221123,0.104310,NaN,NaN,NaN
-0.107666,0.228472,0.120943,-0.085135,0.247308,0.101938,-0.084784,0.221926,0.104257,NaN,NaN,NaN
-0.103464,0.228038,0.118173,-0.086245,0.249422,0.102942,-0.086390,0.222506,0.103808,NaN,NaN,NaN
-0.101806,0.228336,0.108097,-0.087308,0.248282,0.098350,-0.087948,0.221988,0.102052,NaN,NaN,NaN
-0.098048,0.227253,0.094918,-0.081713,0.249830,0.096734,-0.087499,0.221959,0.099111,NaN,NaN,NaN
-0.094855,0.223903,0.083522,NaN,NaN,NaN,-0.085066,0.221403,0.097789,NaN,NaN,NaN
-0.086612,0.223786,0.073487,NaN,NaN,NaN,-0.086940,0.219652,0.096231,NaN,NaN,NaN
-0.088528,0.226133,0.069721,-0.077696,0.250692,0.091189,-0.093951,0.219603,0.098005,NaN,NaN,NaN
-0.098559,0.229708,0.064274,-0.081275,0.248587,0.089577,-0.096814,0.221035,0.100132,NaN,NaN,NaN
-0.106988,0.236480,0.064634,-0.088445,0.253298,0.092283,-0.099840,0.224658,0.099879,NaN,NaN,NaN
-0.118934,0.241528,0.073139,-0.095361,0.252518,0.090971,-0.102400,0.224744,0.101167,NaN,NaN,NaN
-0.132424,0.242190,0.083773,-0.104191,0.260123,0.099284,-0.104444,0.224990,0.101832,NaN,NaN,NaN
-0.141249,0.238854,0.095100,-0.108887,0.254856,0.096263,-0.106925,0.227224,0.102068,NaN,NaN,NaN
-0.142346,0.234054,0.102630,-0.109892,0.252985,0.099357,-0.108345,0.227079,0.101839,NaN,NaN,NaN
-0.137931,0.231131,0.111373,-0.109921,0.253629,0.101931,-0.109491,0.227387,0.101208,NaN,NaN,NaN
-0.131159,0.231179,0.113617,-0.108982,0.253788,0.103220,-0.107935,0.228156,0.101122,NaN,NaN,NaN
-0.126203,0.232831,0.111248,-0.107144,0.255467,0.101671,-0.109090,0.228014,0.100583,NaN,NaN,NaN
-0.117440,0.233101,0.104024,-0.104836,0.256531,0.097914,-0.107695,0.226707,0.099916,NaN,NaN,NaN
-0.112278,0.232419,0.090346,-0.096714,0.256895,0.096449,-0.105947,0.228234,0.098044,NaN,NaN,NaN
-0.099185,0.230998,0.083304,NaN,NaN,NaN,-0.106109,0.227207,0.098789,NaN,NaN,NaN
-0.099461,0.230331,0.079850,-0.094074,0.254366,0.096721,-0.108833,0.225999,0.098095,NaN,NaN,NaN
-0.102706,0.232726,0.069805,-0.092012,0.255522,0.094297,-0.112297,0.226670,0.097891,NaN,NaN,NaN
-0.111473,0.237529,0.064695,-0.095580,0.254665,0.092540,-0.114128,0.228457,0.098878,NaN,NaN,NaN
-0.120422,0.245330,0.064344,-0.101575,0.259021,0.095022,-0.115224,0.229642,0.101149,NaN,NaN,NaN
-0.132722,0.249881,0.069894,-0.108821,0.263800,0.099988,-0.117314,0.232233,0.103178,NaN,NaN,NaN
-0.145971,0.250330,0.078929,-0.116367,0.264446,0.097669,-0.118842,0.233496,0.104126,NaN,NaN,NaN
-0.154822,0.247976,0.091373,-0.119645,0.262156,0.099971,-0.120805,0.233578,0.103345,NaN,NaN,NaN
-0.155972,0.244331,0.103302,-0.121733,0.259497,0.100590,-0.118762,0.235083,0.104117,NaN,NaN,NaN
-0.151039,0.241975,0.111629,-0.119689,0.259341,0.102799,-0.120377,0.233066,0.102329,NaN,NaN,NaN
-0.139015,0.241564,0.115685,-0.118081,0.260410,0.103565,-0.118555,0.235350,0.104565,NaN,NaN,NaN
-0.133527,0.240796,0.112164,-0.116631,0.260414,0.100497,-0.121493,0.233493,0.102662,NaN,NaN,NaN
-0.125083,0.240038,0.103650,-0.112411,0.260867,0.100450,-0.118176,0.233732,0.103157,NaN,NaN,NaN
-0.111652,0.237844,0.093232,NaN,NaN,NaN,-0.117767,0.230992,0.101073,NaN,NaN,NaN
-0.105675,0.233975,0.089654,-0.097000,0.258991,0.099428,-0.118124,0.232679,0.103137,NaN,NaN,NaN
-0.104427,0.233786,0.080858,-0.095373,0.261265,0.101357,-0.117750,0.230329,0.102091,NaN,NaN,NaN
-0.108892,0.236182,0.072050,-0.099306,0.258327,0.098399,-0.120562,0.231270,0.104045,NaN,NaN,NaN
-0.117374,0.244343,0.067298,-0.102541,0.260140,0.096055,-0.122583,0.231915,0.105305,NaN,NaN,NaN
-0.128479,0.252562,0.067225,-0.106782,0.262636,0.099945,-0.120205,0.235040,0.106165,NaN,NaN,NaN
-0.141527,0.254845,0.075139,-0.114262,0.265107,0.099146,-0.121895,0.236179,0.106837,NaN,NaN,NaN
-0.152435,0.252943,0.086008,-0.121044,0.266370,0.101062,-0.120933,0.237256,0.107255,NaN,NaN,NaN
-0.156436,0.249865,0.099717,NaN,NaN,NaN,-0.122479,0.237403,0.107183,NaN,NaN,NaN
-0.152953,0.247335,0.112323,-0.123419,0.264207,0.107083,-0.122506,0.237475,0.108212,NaN,NaN,NaN
-0.146063,0.245767,0.120426,-0.121681,0.264268,0.109949,-0.122604,0.237144,0.108339,NaN,NaN,NaN
-0.139128,0.244920,0.122140,-0.120726,0.264642,0.110893,-0.122151,0.238014,0.109136,NaN,NaN,NaN
-0.134617,0.243591,0.117279,-0.118710,0.265004,0.108955,-0.121883,0.237612,0.109398,NaN,NaN,NaN
-0.125452,0.244251,0.108457,-0.114767,0.267058,0.108668,-0.119006,0.237686,0.110158,NaN,NaN,NaN
-0.112826,0.242681,0.100262,-0.104387,0.269098,0.111562,-0.119869,0.235009,0.106729,NaN,NaN,NaN
-0.109524,0.238056,0.094111,NaN,NaN,NaN,-0.119060,0.231437,0.104879,NaN,NaN,NaN
-0.108117,0.238057,0.085497,-0.099690,0.263719,0.106005,-0.120229,0.233727,0.108095,NaN,NaN,NaN
-0.111852,0.241238,0.077942,-0.098968,0.261885,0.105277,-0.121666,0.236194,0.111083,NaN,NaN,NaN
-0.120322,0.247910,0.074200,-0.102385,0.262074,0.103491,-0.119308,0.237813,0.113945,NaN,NaN,NaN
-0.129329,0.254104,0.077325,-0.106909,0.264177,0.103689,-0.118790,0.237976,0.113949,NaN,NaN,NaN
-0.141353,0.260431,0.089120,-0.114415,0.273023,0.114122,-0.118394,0.239153,0.115522,NaN,NaN,NaN
-0.152566,0.254170,0.098373,-0.120752,0.269776,0.112713,-0.118521,0.239569,0.114936,NaN,NaN,NaN
-0.153665,0.252900,0.113553,-0.123763,0.267170,0.112209,-0.119846,0.240239,0.115731,NaN,NaN,NaN
-0.148183,0.250038,0.127994,-0.124172,0.266311,0.115737,-0.118638,0.240225,0.117834,NaN,NaN,NaN
-0.138639,0.247582,0.136696,-0.117032,0.265011,0.119613,-0.118374,0.238608,0.116687,NaN,NaN,NaN
-0.132827,0.246519,0.137286,-0.115691,0.267137,0.122836,-0.116862,0.238403,0.117447,NaN,NaN,NaN
-0.128713,0.245208,0.130899,-0.114169,0.266701,0.120264,-0.116138,0.237678,0.117871,NaN,NaN,NaN
-0.123006,0.244017,0.117948,-0.110939,0.269258,0.119053,-0.114804,0.236942,0.117748,NaN,NaN,NaN
-0.109941,0.245015,0.108451,NaN,NaN,NaN,-0.111731,0.237053,0.117318,NaN,NaN,NaN
-0.105050,0.240526,0.104099,-0.089946,0.269289,0.119705,-0.109004,0.234944,0.116675,NaN,NaN,NaN
-0.103575,0.241399,0.095610,-0.094118,0.266359,0.115493,-0.111591,0.235600,0.120960,NaN,NaN,NaN
-0.108756,0.241407,0.090299,-0.094453,0.264003,0.113374,-0.112818,0.237308,0.123292,NaN,NaN,NaN
-0.117938,0.246979,0.087877,-0.097623,0.265260,0.113898,-0.113616,0.236863,0.124505,NaN,NaN,NaN
-0.127341,0.250757,0.092275,-0.102458,0.269687,0.120207,-0.112925,0.237611,0.124443,NaN,NaN,NaN
-0.138827,0.251807,0.100354,-0.110285,0.266875,0.117184,-0.111359,0.240845,0.125763,NaN,NaN,NaN
-0.145202,0.251033,0.114835,-0.115113,0.266297,0.119668,-0.111885,0.238569,0.126224,NaN,NaN,NaN
-0.142895,0.249462,0.130674,-0.112722,0.265706,0.124719,-0.112050,0.238060,0.126730,NaN,NaN,NaN
-0.135722,0.248423,0.144552,-0.110499,0.267745,0.130395,-0.110793,0.239855,0.129842,NaN,NaN,NaN
-0.126229,0.247704,0.152557,-0.107136,0.268204,0.133285,-0.105265,0.241637,0.131370,NaN,NaN,NaN
-0.119968,0.246751,0.152102,-0.105012,0.267445,0.133646,-0.104768,0.241422,0.131992,NaN,NaN,NaN
-0.117209,0.246146,0.144932,-0.102446,0.268153,0.131652,-0.103625,0.240817,0.132878,NaN,NaN,NaN
-0.110106,0.245737,0.133937,-0.099282,0.266393,0.127260,-0.101519,0.241398,0.133979,NaN,NaN,NaN
-0.099009,0.242732,0.121043,-0.091031,0.266303,0.125485,-0.100011,0.238956,0.132679,NaN,NaN,NaN
-0.092501,0.240006,0.111318,NaN,NaN,NaN,-0.100171,0.236414,0.131874,NaN,NaN,NaN
-0.092368,0.240352,0.104088,-0.083668,0.268086,0.127134,-0.098547,0.236806,0.134663,NaN,NaN,NaN
-0.100255,0.242436,0.102334,-0.084523,0.265635,0.125027,-0.097634,0.236638,0.133605,NaN,NaN,NaN
-0.109143,0.247498,0.102894,-0.087325,0.265881,0.126094,-0.099402,0.236527,0.137450,NaN,NaN,NaN
-0.117832,0.250208,0.110167,-0.090910,0.266905,0.129802,-0.099194,0.236295,0.137679,NaN,NaN,NaN
-0.126620,0.252739,0.121648,-0.096719,0.268550,0.134999,-0.095201,0.238949,0.139736,NaN,NaN,NaN
-0.132007,0.248461,0.131566,-0.100178,0.267030,0.134290,-0.094922,0.239134,0.141354,NaN,NaN,NaN
-0.130193,0.244428,0.146124,-0.098883,0.264807,0.139122,-0.090543,0.239957,0.143785,NaN,NaN,NaN
-0.115683,0.241980,0.160446,-0.096086,0.265408,0.143751,-0.089284,0.240804,0.143695,NaN,NaN,NaN
-0.106248,0.242688,0.164897,-0.092367,0.265188,0.145315,-0.084635,0.241660,0.145103,NaN,NaN,NaN
-0.100103,0.242511,0.162511,-0.090662,0.265865,0.146065,-0.087885,0.239911,0.141915,NaN,NaN,NaN
-0.096789,0.243261,0.154870,-0.088661,0.266756,0.143186,-0.085435,0.239767,0.142623,NaN,NaN,NaN
-0.091432,0.243990,0.143199,-0.084237,0.269426,0.142053,-0.083478,0.238465,0.141316,NaN,NaN,NaN
-0.081495,0.244396,0.129814,-0.073070,0.270164,0.140452,-0.081098,0.237062,0.141647,NaN,NaN,NaN
-0.079782,0.243993,0.121296,NaN,NaN,NaN,-0.079317,0.236667,0.141233,NaN,NaN,NaN
-0.077037,0.242973,0.115914,-0.066742,0.264728,0.130978,-0.078586,0.235765,0.142006,NaN,NaN,NaN
-0.083886,0.246607,0.110499,-0.067228,0.268452,0.134341,-0.078222,0.236447,0.142783,NaN,NaN,NaN
-0.093494,0.252115,0.112621,-0.069248,0.270094,0.136811,-0.075924,0.236412,0.146600,NaN,NaN,NaN
-0.101955,0.254197,0.119991,-0.074736,0.268914,0.139619,-0.074609,0.239675,0.146691,NaN,NaN,NaN
-0.109486,0.253039,0.130517,-0.078876,0.268950,0.139320,-0.074525,0.240342,0.148636,NaN,NaN,NaN
-0.111807,0.250279,0.145164,-0.081378,0.266843,0.146300,-0.073534,0.240231,0.148795,NaN,NaN,NaN
-0.106491,0.246094,0.161156,-0.079441,0.266236,0.151409,-0.071229,0.240625,0.151025,NaN,NaN,NaN
-0.095753,0.244151,0.171748,-0.075559,0.266218,0.154756,-0.070521,0.240934,0.151239,NaN,NaN,NaN
-0.087575,0.243876,0.174054,-0.062690,0.270818,0.159568,-0.069450,0.240400,0.151374,NaN,NaN,NaN
-0.081669,0.244039,0.170043,-0.070864,0.267571,0.155102,-0.067628,0.240360,0.151623,NaN,NaN,NaN
-0.077204,0.244037,0.160820,-0.068035,0.267461,0.152077,-0.066252,0.239558,0.152139,NaN,NaN,NaN
-0.069652,0.245132,0.147994,-0.061988,0.270316,0.151312,-0.065702,0.238677,0.151042,NaN,NaN,NaN
-0.058046,0.243678,0.135639,-0.051804,0.269330,0.146165,-0.063402,0.237565,0.151113,NaN,NaN,NaN
-0.055461,0.241310,0.132787,NaN,NaN,NaN,-0.061260,0.235941,0.149577,NaN,NaN,NaN
-0.056794,0.241065,0.124869,-0.044847,0.269954,0.146190,-0.061173,0.236365,0.152848,NaN,NaN,NaN
-0.063906,0.243620,0.119983,-0.048503,0.265828,0.143937,-0.060980,0.237223,0.155564,NaN,NaN,NaN
-0.072431,0.249612,0.119806,-0.051010,0.269682,0.146701,-0.060717,0.237016,0.156969,NaN,NaN,NaN
-0.080559,0.252331,0.127927,-0.053281,0.272084,0.151492,-0.058082,0.237790,0.155075,NaN,NaN,NaN
NaN,NaN,NaN,-0.057831,0.268771,0.149075,-0.056549,0.239724,0.156443,NaN,NaN,NaN
-0.090965,0.248068,0.151221,-0.060476,0.267825,0.153067,-0.053184,0.239690,0.157863,NaN,NaN,NaN
-0.086514,0.244856,0.167151,-0.059111,0.267065,0.158451,-0.053075,0.240366,0.155971,NaN,NaN,NaN
-0.076005,0.244067,0.179251,-0.056289,0.266691,0.161894,-0.050803,0.240980,0.159500,NaN,NaN,NaN
-0.067658,0.243943,0.182783,-0.053613,0.266203,0.163806,-0.049323,0.240698,0.159591,NaN,NaN,NaN
-0.061395,0.243682,0.179539,-0.049799,0.266951,0.163545,-0.047491,0.240538,0.159717,NaN,NaN,NaN
-0.056880,0.243795,0.171610,-0.047412,0.267802,0.160895,-0.045604,0.240216,0.159838,NaN,NaN,NaN
-0.050320,0.243663,0.158813,-0.041643,0.271030,0.159569,-0.043001,0.240453,0.160819,NaN,NaN,NaN
-0.039670,0.244800,0.146872,-0.032365,0.274192,0.156077,-0.043364,0.236906,0.157418,NaN,NaN,NaN
-0.035625,0.242435,0.140490,NaN,NaN,NaN,-0.030953,0.240201,0.157343,NaN,NaN,NaN
-0.036470,0.241697,0.133643,-0.040545,0.260334,0.149028,-0.035858,0.237393,0.156701,NaN,NaN,NaN
-0.042503,0.244396,0.127920,-0.026611,0.267267,0.151919,-0.031740,0.240187,0.158653,NaN,NaN,NaN
-0.050029,0.249420,0.129312,-0.028264,0.267734,0.153088,-0.028449,0.241729,0.160801,NaN,NaN,NaN
-0.060499,0.252343,0.132773,-0.031830,0.268840,0.155145,-0.027026,0.243040,0.162326,NaN,NaN,NaN
-0.067602,0.250573,0.146110,-0.034636,0.269515,0.161566,-0.025280,0.244165,0.163781,NaN,NaN,NaN
-0.070045,0.246647,0.158776,-0.037281,0.265986,0.160399,-0.031291,0.239796,0.164668,NaN,NaN,NaN
-0.064610,0.243868,0.174330,-0.037784,0.266230,0.165768,-0.030985,0.239936,0.166283,NaN,NaN,NaN
-0.054918,0.241380,0.186608,-0.035455,0.265806,0.170321,-0.030650,0.239110,0.166870,NaN,NaN,NaN
-0.044766,0.240497,0.190686,-0.031734,0.266031,0.172854,-0.025901,0.240401,0.165061,NaN,NaN,NaN
-0.038201,0.241548,0.188689,-0.028904,0.266419,0.172307,-0.024142,0.239913,0.166785,NaN,NaN,NaN
-0.033588,0.242018,0.181917,-0.026311,0.267667,0.169398,-0.021448,0.240572,0.165475,NaN,NaN,NaN
-0.028754,0.243580,0.171492,-0.023175,0.268511,0.163997,-0.018686,0.239836,0.165483,NaN,NaN,NaN
-0.020862,0.244958,0.157290,-0.013182,0.271813,0.163665,-0.017150,0.238196,0.162595,NaN,NaN,NaN
-0.013420,0.244321,0.147979,-0.008514,0.274838,0.157148,-0.013351,0.236999,0.161757,NaN,NaN,NaN
-0.014302,0.243015,0.141579,-0.004292,0.270068,0.159109,-0.014359,0.235497,0.161141,NaN,NaN,NaN
-0.018899,0.244960,0.134652,-0.005359,0.268498,0.153708,-0.011849,0.234996,0.162128,NaN,NaN,NaN
-0.029131,0.250071,0.134520,-0.006039,0.271156,0.161160,-0.011388,0.235048,0.164818,NaN,NaN,NaN
-0.036389,0.253673,0.140533,-0.008120,0.270598,0.163216,-0.010629,0.236419,0.166588,NaN,NaN,NaN
-0.044511,0.253304,0.151851,-0.012129,0.269550,0.165777,-0.006388,0.240440,0.167518,NaN,NaN,NaN
-0.047509,0.250646,0.164549,-0.015910,0.267444,0.165406,-0.005222,0.241528,0.168649,NaN,NaN,NaN
-0.042677,0.245654,0.180417,-0.015689,0.266940,0.171077,-0.003698,0.241639,0.169333,NaN,NaN,NaN
-0.032489,0.242193,0.192347,-0.014287,0.266338,0.174924,-0.001960,0.242190,0.172582,NaN,NaN,NaN
-0.022952,0.240966,0.195593,-0.009609,0.266618,0.177434,-0.000219,0.241321,0.169620,NaN,NaN,NaN
-0.016659,0.241070,0.191982,-0.007295,0.267052,0.177135,-0.001506,0.239873,0.170364,NaN,NaN,NaN
-0.012662,0.240851,0.183413,-0.006022,0.266704,0.174491,0.000089,0.239812,0.170538,NaN,NaN,NaN
-0.007090,0.242992,0.172140,-0.001319,0.266772,0.168455,0.002758,0.241017,0.173212,NaN,NaN,NaN
0.001857,0.244787,0.158156,0.006167,0.269473,0.162939,0.004776,0.237681,0.167256,NaN,NaN,NaN
0.008103,0.244271,0.150527,NaN,NaN,NaN,0.007819,0.236225,0.165110,NaN,NaN,NaN
0.008137,0.241393,0.141546,0.016456,0.269419,0.158349,0.006354,0.236412,0.164118,NaN,NaN,NaN
0.003704,0.243451,0.137692,0.016647,0.268107,0.160260,0.007130,0.236057,0.170848,NaN,NaN,NaN
-0.006549,0.246970,0.138678,0.015058,0.270651,0.163044,0.008145,0.235100,0.170968,NaN,NaN,NaN
-0.014418,0.250008,0.143685,0.011708,0.272159,0.166932,0.007352,0.237471,0.172557,NaN,NaN,NaN
-0.023169,0.250827,0.151499,0.007764,0.270627,0.168098,0.011983,0.240899,0.175306,NaN,NaN,NaN
-0.026568,0.249475,0.164939,0.004367,0.267943,0.167833,0.011443,0.240651,0.176412,NaN,NaN,NaN
-0.024072,0.245686,0.180522,0.003552,0.266681,0.173588,0.011535,0.240470,0.177747,NaN,NaN,NaN
-0.014855,0.242593,0.194042,0.008490,0.266466,0.179284,0.013193,0.239375,0.178618,NaN,NaN,NaN
-0.005155,0.241959,0.199349,0.008779,0.265445,0.180464,0.017921,0.240102,0.173724,NaN,NaN,NaN
0.002471,0.241636,0.197494,0.011689,0.266308,0.180006,0.019879,0.240635,0.175156,NaN,NaN,NaN
0.007035,0.242431,0.190491,0.014594,0.266710,0.177867,0.021328,0.240632,0.174366,NaN,NaN,NaN
0.011624,0.243360,0.179509,0.017581,0.267120,0.172036,0.023233,0.240439,0.174591,NaN,NaN,NaN
0.020183,0.245136,0.165578,0.027325,0.269843,0.170336,0.023508,0.237794,0.170293,NaN,NaN,NaN
0.029845,0.244669,0.154512,NaN,NaN,NaN,0.029618,0.238974,0.171172,NaN,NaN,NaN
0.030770,0.241962,0.149671,0.039176,0.267722,0.165535,0.028399,0.236699,0.167993,NaN,NaN,NaN
0.029476,0.243352,0.141334,0.040204,0.270136,0.163715,0.028315,0.236619,0.169823,NaN,NaN,NaN
0.021704,0.245542,0.137281,0.039396,0.268685,0.161135,0.028355,0.237298,0.171126,NaN,NaN,NaN
0.012837,0.251241,0.138879,0.036870,0.270339,0.164966,0.028642,0.238460,0.172388,NaN,NaN,NaN
0.004668,0.254148,0.146338,0.032666,0.269966,0.167480,0.028670,0.238077,0.170800,NaN,NaN,NaN
-0.004294,0.252159,0.159389,0.028310,0.267372,0.164759,0.029462,0.239962,0.175052,NaN,NaN,NaN
-0.005856,0.250320,0.171900,0.024341,0.265555,0.169524,0.031302,0.240551,0.177316,NaN,NaN,NaN
0.000019,0.247591,0.187937,0.024924,0.266388,0.175490,0.032832,0.240696,0.178798,NaN,NaN,NaN
0.010156,0.245599,0.199038,0.029096,0.267573,0.179511,0.029439,0.238838,0.178168,NaN,NaN,NaN
0.019180,0.245381,0.200880,0.032299,0.267141,0.181419,0.037409,0.240862,0.180154,NaN,NaN,NaN
0.025004,0.243798,0.195968,0.034367,0.268288,0.180486,0.038927,0.240425,0.180334,NaN,NaN,NaN
0.029909,0.244276,0.187766,0.036474,0.268126,0.177804,0.041517,0.240494,0.180329,NaN,NaN,NaN
0.037200,0.244835,0.174582,0.044588,0.269427,0.175941,0.042469,0.239136,0.179499,NaN,NaN,NaN
0.047542,0.245234,0.161717,NaN,NaN,NaN,0.042846,0.237786,0.176831,NaN,NaN,NaN
NaN,NaN,NaN,NaN,NaN,NaN,0.045412,0.236701,0.177010,NaN,NaN,NaN
0.046327,0.233909,0.178507,NaN,NaN,NaN,0.045551,0.234500,0.176978,NaN,NaN,NaN
0.047076,0.236162,0.181061,NaN,NaN,NaN,0.045706,0.232416,0.176316,NaN,NaN,NaN
0.047243,0.235521,0.180143,NaN,NaN,NaN,0.045816,0.232130,0.177753,NaN,NaN,NaN
0.047315,0.236285,0.182347,NaN,NaN,NaN,0.051356,0.237953,0.183906,NaN,NaN,NaN
0.047237,0.236513,0.184067,NaN,NaN,NaN,0.052664,0.239066,0.185635,NaN,NaN,NaN
NaN,NaN,NaN,NaN,NaN,NaN,0.051290,0.239850,0.187524,NaN,NaN,NaN
NaN,NaN,NaN,NaN,NaN,NaN,0.053126,0.239023,0.187997,NaN,NaN,NaN
NaN,NaN,NaN,NaN,NaN,NaN,0.054180,0.239002,0.187867,NaN,NaN,NaN
NaN,NaN,NaN,NaN,NaN,NaN,0.056164,0.239165,0.187904,NaN,NaN,NaN
NaN,NaN,NaN,NaN,NaN,NaN,0.056520,0.238252,0.187800,NaN,NaN,NaN
NaN,NaN,NaN,NaN,NaN,NaN,NaN,NaN,NaN,NaN,NaN,NaN
NaN,NaN,NaN,NaN,NaN,NaN,NaN,NaN,NaN,NaN,NaN,NaN
NaN,NaN,NaN,NaN,NaN,NaN,NaN,NaN,NaN,NaN,NaN,NaN
NaN,NaN,NaN,NaN,NaN,NaN,NaN,NaN,NaN,NaN,NaN,NaN
NaN,NaN,NaN,NaN,NaN,NaN,NaN,NaN,NaN,NaN,NaN,NaN
NaN,NaN,NaN,NaN,NaN,NaN,NaN,NaN,NaN,NaN,NaN,NaN
NaN,NaN,NaN,NaN,NaN,NaN,NaN,NaN,NaN,NaN,NaN,NaN
NaN,NaN,NaN,NaN,NaN,NaN,NaN,NaN,NaN,NaN,NaN,NaN
NaN,NaN,NaN,NaN,NaN,NaN,NaN,NaN,NaN,NaN,NaN,NaN
NaN,NaN,NaN,NaN,NaN,NaN,NaN,NaN,NaN,NaN,NaN,NaN
NaN,NaN,NaN,NaN,NaN,NaN,NaN,NaN,NaN,NaN,NaN,NaN
NaN,NaN,NaN,NaN,NaN,NaN,NaN,NaN,NaN,NaN,NaN,NaN
NaN,NaN,NaN,NaN,NaN,NaN,NaN,NaN,NaN,NaN,NaN,NaN
NaN,NaN,NaN,NaN,NaN,NaN,NaN,NaN,NaN,NaN,NaN,NaN
NaN,NaN,NaN,NaN,NaN,NaN,NaN,NaN,NaN,NaN,NaN,NaN
NaN,NaN,NaN,NaN,NaN,NaN,NaN,NaN,NaN,NaN,NaN,NaN
NaN,NaN,NaN,NaN,NaN,NaN,NaN,NaN,NaN,NaN,NaN,NaN
NaN,NaN,NaN,NaN,NaN,NaN,NaN,NaN,NaN,NaN,NaN,NaN
NaN,NaN,NaN,NaN,NaN,NaN,NaN,NaN,NaN,NaN,NaN,NaN
NaN,NaN,NaN,NaN,NaN,NaN,NaN,NaN,NaN,NaN,NaN,NaN
NaN,NaN,NaN,NaN,NaN,NaN,NaN,NaN,NaN,NaN,NaN,NaN
NaN,NaN,NaN,NaN,NaN,NaN,NaN,NaN,NaN,NaN,NaN,NaN
NaN,NaN,NaN,NaN,NaN,NaN,NaN,NaN,NaN,NaN,NaN,NaN
NaN,NaN,NaN,NaN,NaN,NaN,NaN,NaN,NaN,NaN,NaN,NaN
NaN,NaN,NaN,NaN,NaN,NaN,NaN,NaN,NaN,NaN,NaN,NaN
NaN,NaN,NaN,NaN,NaN,NaN,NaN,NaN,NaN,NaN,NaN,NaN
NaN,NaN,NaN,NaN,NaN,NaN,NaN,NaN,NaN,NaN,NaN,NaN
NaN,NaN,NaN,NaN,NaN,NaN,NaN,NaN,NaN,NaN,NaN,NaN
NaN,NaN,NaN,NaN,NaN,NaN,NaN,NaN,NaN,NaN,NaN,NaN
NaN,NaN,NaN,NaN,NaN,NaN,NaN,NaN,NaN,NaN,NaN,NaN
NaN,NaN,NaN,NaN,NaN,NaN,NaN,NaN,NaN,NaN,NaN,NaN
NaN,NaN,NaN,NaN,NaN,NaN,NaN,NaN,NaN,NaN,NaN,NaN
NaN,NaN,NaN,NaN,NaN,NaN,NaN,NaN,NaN,NaN,NaN,NaN
NaN,NaN,NaN,NaN,NaN,NaN,NaN,NaN,NaN,NaN,NaN,NaN
NaN,NaN,NaN,NaN,NaN,NaN,NaN,NaN,NaN,NaN,NaN,NaN
NaN,NaN,NaN,NaN,NaN,NaN,NaN,NaN,NaN,NaN,NaN,NaN
NaN,NaN,NaN,NaN,NaN,NaN,NaN,NaN,NaN,NaN,NaN,NaN
NaN,NaN,NaN,NaN,NaN,NaN,NaN,NaN,NaN,NaN,NaN,NaN
NaN,NaN,NaN,NaN,NaN,NaN,NaN,NaN,NaN,NaN,NaN,NaN
NaN,NaN,NaN,NaN,NaN,NaN,NaN,NaN,NaN,NaN,NaN,NaN
NaN,NaN,NaN,NaN,NaN,NaN,NaN,NaN,NaN,NaN,NaN,NaN
NaN,NaN,NaN,NaN,NaN,NaN,NaN,NaN,NaN,NaN,NaN,NaN
NaN,NaN,NaN,NaN,NaN,NaN,NaN,NaN,NaN,NaN,NaN,NaN
NaN,NaN,NaN,NaN,NaN,NaN,NaN,NaN,NaN,NaN,NaN,NaN
NaN,NaN,NaN,NaN,NaN,NaN,NaN,NaN,NaN,NaN,NaN,NaN
NaN,NaN,NaN,NaN,NaN,NaN,NaN,NaN,NaN,NaN,NaN,NaN
NaN,NaN,NaN,NaN,NaN,NaN,NaN,NaN,NaN,NaN,NaN,NaN
NaN,NaN,NaN,NaN,NaN,NaN,NaN,NaN,NaN,NaN,NaN,NaN
NaN,NaN,NaN,NaN,NaN,NaN,NaN,NaN,NaN,NaN,NaN,NaN
NaN,NaN,NaN,NaN,NaN,NaN,NaN,NaN,NaN,NaN,NaN,NaN
NaN,NaN,NaN,NaN,NaN,NaN,NaN,NaN,NaN,NaN,NaN,NaN
NaN,NaN,NaN,NaN,NaN,NaN,NaN,NaN,NaN,NaN,NaN,NaN
NaN,NaN,NaN,NaN,NaN,NaN,NaN,NaN,NaN,NaN,NaN,NaN
NaN,NaN,NaN,NaN,NaN,NaN,NaN,NaN,NaN,NaN,NaN,NaN
NaN,NaN,NaN,NaN,NaN,NaN,NaN,NaN,NaN,NaN,NaN,NaN
NaN,NaN,NaN,NaN,NaN,NaN,NaN,NaN,NaN,NaN,NaN,NaN
NaN,NaN,NaN,NaN,NaN,NaN,NaN,NaN,NaN,NaN,NaN,NaN
NaN,NaN,NaN,NaN,NaN,NaN,NaN,NaN,NaN,NaN,NaN,NaN
NaN,NaN,NaN,NaN,NaN,NaN,NaN,NaN,NaN,NaN,NaN,NaN
NaN,NaN,NaN,NaN,NaN,NaN,NaN,NaN,NaN,NaN,NaN,NaN
NaN,NaN,NaN,NaN,NaN,NaN,NaN,NaN,NaN,NaN,NaN,NaN
NaN,NaN,NaN,NaN,NaN,NaN,NaN,NaN,NaN,NaN,NaN,NaN
NaN,NaN,NaN,NaN,NaN,NaN,NaN,NaN,NaN,NaN,NaN,NaN
NaN,NaN,NaN,NaN,NaN,NaN,NaN,NaN,NaN,NaN,NaN,NaN
NaN,NaN,NaN,NaN,NaN,NaN,NaN,NaN,NaN,NaN,NaN,NaN
NaN,NaN,NaN,NaN,NaN,NaN,NaN,NaN,NaN,NaN,NaN,NaN
NaN,NaN,NaN,NaN,NaN,NaN,NaN,NaN,NaN,NaN,NaN,NaN
NaN,NaN,NaN,NaN,NaN,NaN,NaN,NaN,NaN,NaN,NaN,NaN
NaN,NaN,NaN,NaN,NaN,NaN,NaN,NaN,NaN,NaN,NaN,NaN
NaN,NaN,NaN,NaN,NaN,NaN,NaN,NaN,NaN,NaN,NaN,NaN
NaN,NaN,NaN,NaN,NaN,NaN,NaN,NaN,NaN,NaN,NaN,NaN
NaN,NaN,NaN,NaN,NaN,NaN,NaN,NaN,NaN,NaN,NaN,NaN
NaN,NaN,NaN,NaN,NaN,NaN,NaN,NaN,NaN,NaN,NaN,NaN
NaN,NaN,NaN,NaN,NaN,NaN,NaN,NaN,NaN,NaN,NaN,NaN
NaN,NaN,NaN,NaN,NaN,NaN,NaN,NaN,NaN,NaN,NaN,NaN
NaN,NaN,NaN,NaN,NaN,NaN,NaN,NaN,NaN,NaN,NaN,NaN
NaN,NaN,NaN,NaN,NaN,NaN,NaN,NaN,NaN,NaN,NaN,NaN
NaN,NaN,NaN,NaN,NaN,NaN,NaN,NaN,NaN,NaN,NaN,NaN
NaN,NaN,NaN,NaN,NaN,NaN,NaN,NaN,NaN,NaN,NaN,NaN
NaN,NaN,NaN,NaN,NaN,NaN,NaN,NaN,NaN,NaN,NaN,NaN
NaN,NaN,NaN,NaN,NaN,NaN,NaN,NaN,NaN,NaN,NaN,NaN
NaN,NaN,NaN,NaN,NaN,NaN,NaN,NaN,NaN,NaN,NaN,NaN
NaN,NaN,NaN,NaN,NaN,NaN,NaN,NaN,NaN,NaN,NaN,NaN
NaN,NaN,NaN,NaN,NaN,NaN,NaN,NaN,NaN,NaN,NaN,NaN
NaN,NaN,NaN,NaN,NaN,NaN,NaN,NaN,NaN,NaN,NaN,NaN
NaN,NaN,NaN,NaN,NaN,NaN,NaN,NaN,NaN,NaN,NaN,NaN
NaN,NaN,NaN,NaN,NaN,NaN,NaN,NaN,NaN,NaN,NaN,NaN
NaN,NaN,NaN,NaN,NaN,NaN,NaN,NaN,NaN,NaN,NaN,NaN
NaN,NaN,NaN,NaN,NaN,NaN,NaN,NaN,NaN,NaN,NaN,NaN
NaN,NaN,NaN,NaN,NaN,NaN,NaN,NaN,NaN,NaN,NaN,NaN
NaN,NaN,NaN,NaN,NaN,NaN,NaN,NaN,NaN,NaN,NaN,NaN
NaN,NaN,NaN,NaN,NaN,NaN,NaN,NaN,NaN,NaN,NaN,NaN
NaN,NaN,NaN,NaN,NaN,NaN,NaN,NaN,NaN,NaN,NaN,NaN
NaN,NaN,NaN,NaN,NaN,NaN,NaN,NaN,NaN,NaN,NaN,NaN
NaN,NaN,NaN,NaN,NaN,NaN,NaN,NaN,NaN,NaN,NaN,NaN
NaN,NaN,NaN,NaN,NaN,NaN,NaN,NaN,NaN,NaN,NaN,NaN
NaN,NaN,NaN,NaN,NaN,NaN,NaN,NaN,NaN,NaN,NaN,NaN
NaN,NaN,NaN,NaN,NaN,NaN,NaN,NaN,NaN,NaN,NaN,NaN
NaN,NaN,NaN,NaN,NaN,NaN,NaN,NaN,NaN,NaN,NaN,NaN
NaN,NaN,NaN,NaN,NaN,NaN,NaN,NaN,NaN,NaN,NaN,NaN
NaN,NaN,NaN,NaN,NaN,NaN,NaN,NaN,NaN,NaN,NaN,NaN
NaN,NaN,NaN,NaN,NaN,NaN,NaN,NaN,NaN,NaN,NaN,NaN
NaN,NaN,NaN,NaN,NaN,NaN,NaN,NaN,NaN,NaN,NaN,NaN
NaN,NaN,NaN,NaN,NaN,NaN,NaN,NaN,NaN,NaN,NaN,NaN
NaN,NaN,NaN,NaN,NaN,NaN,NaN,NaN,NaN,NaN,NaN,NaN
NaN,NaN,NaN,NaN,NaN,NaN,NaN,NaN,NaN,NaN,NaN,NaN
NaN,NaN,NaN,NaN,NaN,NaN,NaN,NaN,NaN,NaN,NaN,NaN
NaN,NaN,NaN,NaN,NaN,NaN,NaN,NaN,NaN,NaN,NaN,NaN
NaN,NaN,NaN,NaN,NaN,NaN,NaN,NaN,NaN,NaN,NaN,NaN
NaN,NaN,NaN,NaN,NaN,NaN,NaN,NaN,NaN,NaN,NaN,NaN
NaN,NaN,NaN,NaN,NaN,NaN,NaN,NaN,NaN,NaN,NaN,NaN
NaN,NaN,NaN,NaN,NaN,NaN,NaN,NaN,NaN,NaN,NaN,NaN
NaN,NaN,NaN,NaN,NaN,NaN,NaN,NaN,NaN,NaN,NaN,NaN
NaN,NaN,NaN,NaN,NaN,NaN,NaN,NaN,NaN,NaN,NaN,NaN
NaN,NaN,NaN,NaN,NaN,NaN,NaN,NaN,NaN,NaN,NaN,NaN
NaN,NaN,NaN,NaN,NaN,NaN,NaN,NaN,NaN,NaN,NaN,NaN
NaN,NaN,NaN,NaN,NaN,NaN,NaN,NaN,NaN,NaN,NaN,NaN
NaN,NaN,NaN,NaN,NaN,NaN,NaN,NaN,NaN,NaN,NaN,NaN
NaN,NaN,NaN,NaN,NaN,NaN,NaN,NaN,NaN,NaN,NaN,NaN
NaN,NaN,NaN,NaN,NaN,NaN,NaN,NaN,NaN,NaN,NaN,NaN
NaN,NaN,NaN,NaN,NaN,NaN,NaN,NaN,NaN,NaN,NaN,NaN
NaN,NaN,NaN,NaN,NaN,NaN,NaN,NaN,NaN,NaN,NaN,NaN
NaN,NaN,NaN,NaN,NaN,NaN,NaN,NaN,NaN,NaN,NaN,NaN
NaN,NaN,NaN,NaN,NaN,NaN,NaN,NaN,NaN,NaN,NaN,NaN
NaN,NaN,NaN,NaN,NaN,NaN,NaN,NaN,NaN,NaN,NaN,NaN
NaN,NaN,NaN,NaN,NaN,NaN,NaN,NaN,NaN,NaN,NaN,NaN
NaN,NaN,NaN,NaN,NaN,NaN,NaN,NaN,NaN,NaN,NaN,NaN
NaN,NaN,NaN,NaN,NaN,NaN,NaN,NaN,NaN,NaN,NaN,NaN
NaN,NaN,NaN,NaN,NaN,NaN,NaN,NaN,NaN,NaN,NaN,NaN
NaN,NaN,NaN,NaN,NaN,NaN,NaN,NaN,NaN,NaN,NaN,NaN
NaN,NaN,NaN,NaN,NaN,NaN,NaN,NaN,NaN,NaN,NaN,NaN
NaN,NaN,NaN,NaN,NaN,NaN,NaN,NaN,NaN,NaN,NaN,NaN
NaN,NaN,NaN,NaN,NaN,NaN,NaN,NaN,NaN,NaN,NaN,NaN
NaN,NaN,NaN,NaN,NaN,NaN,NaN,NaN,NaN,NaN,NaN,NaN
NaN,NaN,NaN,NaN,NaN,NaN,NaN,NaN,NaN,NaN,NaN,NaN
NaN,NaN,NaN,NaN,NaN,NaN,NaN,NaN,NaN,NaN,NaN,NaN
NaN,NaN,NaN,NaN,NaN,NaN,NaN,NaN,NaN,NaN,NaN,NaN
NaN,NaN,NaN,NaN,NaN,NaN,NaN,NaN,NaN,NaN,NaN,NaN
NaN,NaN,NaN,NaN,NaN,NaN,NaN,NaN,NaN,NaN,NaN,NaN
NaN,NaN,NaN,NaN,NaN,NaN,NaN,NaN,NaN,NaN,NaN,NaN
NaN,NaN,NaN,NaN,NaN,NaN,NaN,NaN,NaN,NaN,NaN,NaN
NaN,NaN,NaN,NaN,NaN,NaN,NaN,NaN,NaN,NaN,NaN,NaN
NaN,NaN,NaN,NaN,NaN,NaN,NaN,NaN,NaN,NaN,NaN,NaN
NaN,NaN,NaN,NaN,NaN,NaN,NaN,NaN,NaN,NaN,NaN,NaN
NaN,NaN,NaN,NaN,NaN,NaN,NaN,NaN,NaN,NaN,NaN,NaN
NaN,NaN,NaN,NaN,NaN,NaN,NaN,NaN,NaN,NaN,NaN,NaN
NaN,NaN,NaN,NaN,NaN,NaN,NaN,NaN,NaN,NaN,NaN,NaN
NaN,NaN,NaN,NaN,NaN,NaN,NaN,NaN,NaN,NaN,NaN,NaN
NaN,NaN,NaN,NaN,NaN,NaN,NaN,NaN,NaN,NaN,NaN,NaN
NaN,NaN,NaN,NaN,NaN,NaN,NaN,NaN,NaN,NaN,NaN,NaN
NaN,NaN,NaN,NaN,NaN,NaN,NaN,NaN,NaN,NaN,NaN,NaN
NaN,NaN,NaN,NaN,NaN,NaN,NaN,NaN,NaN,NaN,NaN,NaN
NaN,NaN,NaN,NaN,NaN,NaN,NaN,NaN,NaN,NaN,NaN,NaN
NaN,NaN,NaN,NaN,NaN,NaN,NaN,NaN,NaN,NaN,NaN,NaN
NaN,NaN,NaN,NaN,NaN,NaN,NaN,NaN,NaN,NaN,NaN,NaN
NaN,NaN,NaN,NaN,NaN,NaN,NaN,NaN,NaN,NaN,NaN,NaN
NaN,NaN,NaN,NaN,NaN,NaN,NaN,NaN,NaN,NaN,NaN,NaN
NaN,NaN,NaN,NaN,NaN,NaN,NaN,NaN,NaN,NaN,NaN,NaN
NaN,NaN,NaN,NaN,NaN,NaN,NaN,NaN,NaN,NaN,NaN,NaN
NaN,NaN,NaN,NaN,NaN,NaN,NaN,NaN,NaN,NaN,NaN,NaN
NaN,NaN,NaN,NaN,NaN,NaN,NaN,NaN,NaN,NaN,NaN,NaN
NaN,NaN,NaN,NaN,NaN,NaN,NaN,NaN,NaN,NaN,NaN,NaN
NaN,NaN,NaN,NaN,NaN,NaN,NaN,NaN,NaN,NaN,NaN,NaN
NaN,NaN,NaN,NaN,NaN,NaN,NaN,NaN,NaN,NaN,NaN,NaN
NaN,NaN,NaN,NaN,NaN,NaN,NaN,NaN,NaN,NaN,NaN,NaN
NaN,NaN,NaN,NaN,NaN,NaN,NaN,NaN,NaN,NaN,NaN,NaN
NaN,NaN,NaN,NaN,NaN,NaN,NaN,NaN,NaN,NaN,NaN,NaN
NaN,NaN,NaN,NaN,NaN,NaN,NaN,NaN,NaN,NaN,NaN,NaN
NaN,NaN,NaN,NaN,NaN,NaN,NaN,NaN,NaN,NaN,NaN,NaN
NaN,NaN,NaN,NaN,NaN,NaN,NaN,NaN,NaN,NaN,NaN,NaN
NaN,NaN,NaN,NaN,NaN,NaN,NaN,NaN,NaN,NaN,NaN,NaN
NaN,NaN,NaN,NaN,NaN,NaN,NaN,NaN,NaN,NaN,NaN,NaN
NaN,NaN,NaN,NaN,NaN,NaN,NaN,NaN,NaN,NaN,NaN,NaN
NaN,NaN,NaN,NaN,NaN,NaN,NaN,NaN,NaN,NaN,NaN,NaN
NaN,NaN,NaN,NaN,NaN,NaN,NaN,NaN,NaN,NaN,NaN,NaN
NaN,NaN,NaN,NaN,NaN,NaN,NaN,NaN,NaN,NaN,NaN,NaN
NaN,NaN,NaN,NaN,NaN,NaN,NaN,NaN,NaN,NaN,NaN,NaN
NaN,NaN,NaN,NaN,NaN,NaN,NaN,NaN,NaN,NaN,NaN,NaN
NaN,NaN,NaN,NaN,NaN,NaN,NaN,NaN,NaN,NaN,NaN,NaN
NaN,NaN,NaN,NaN,NaN,NaN,NaN,NaN,NaN,NaN,NaN,NaN
NaN,NaN,NaN,NaN,NaN,NaN,NaN,NaN,NaN,NaN,NaN,NaN
NaN,NaN,NaN,NaN,NaN,NaN,NaN,NaN,NaN,NaN,NaN,NaN
NaN,NaN,NaN,NaN,NaN,NaN,NaN,NaN,NaN,NaN,NaN,NaN
NaN,NaN,NaN,NaN,NaN,NaN,NaN,NaN,NaN,NaN,NaN,NaN
NaN,NaN,NaN,NaN,NaN,NaN,NaN,NaN,NaN,NaN,NaN,NaN
NaN,NaN,NaN,NaN,NaN,NaN,NaN,NaN,NaN,NaN,NaN,NaN
NaN,NaN,NaN,NaN,NaN,NaN,NaN,NaN,NaN,NaN,NaN,NaN
NaN,NaN,NaN,NaN,NaN,NaN,NaN,NaN,NaN,NaN,NaN,NaN
NaN,NaN,NaN,NaN,NaN,NaN,NaN,NaN,NaN,NaN,NaN,NaN
NaN,NaN,NaN,NaN,NaN,NaN,NaN,NaN,NaN,NaN,NaN,NaN
NaN,NaN,NaN,NaN,NaN,NaN,NaN,NaN,NaN,NaN,NaN,NaN
NaN,NaN,NaN,NaN,NaN,NaN,NaN,NaN,NaN,NaN,NaN,NaN
NaN,NaN,NaN,NaN,NaN,NaN,NaN,NaN,NaN,NaN,NaN,NaN
NaN,NaN,NaN,NaN,NaN,NaN,NaN,NaN,NaN,NaN,NaN,NaN
NaN,NaN,NaN,NaN,NaN,NaN,NaN,NaN,NaN,NaN,NaN,NaN
NaN,NaN,NaN,NaN,NaN,NaN,NaN,NaN,NaN,NaN,NaN,NaN
NaN,NaN,NaN,NaN,NaN,NaN,NaN,NaN,NaN,NaN,NaN,NaN
NaN,NaN,NaN,NaN,NaN,NaN,NaN,NaN,NaN,NaN,NaN,NaN
NaN,NaN,NaN,NaN,NaN,NaN,NaN,NaN,NaN,NaN,NaN,NaN
NaN,NaN,NaN,NaN,NaN,NaN,NaN,NaN,NaN,NaN,NaN,NaN
NaN,NaN,NaN,NaN,NaN,NaN,NaN,NaN,NaN,NaN,NaN,NaN
NaN,NaN,NaN,NaN,NaN,NaN,NaN,NaN,NaN,NaN,NaN,NaN
NaN,NaN,NaN,NaN,NaN,NaN,NaN,NaN,NaN,NaN,NaN,NaN
NaN,NaN,NaN,NaN,NaN,NaN,NaN,NaN,NaN,NaN,NaN,NaN
NaN,NaN,NaN,NaN,NaN,NaN,NaN,NaN,NaN,NaN,NaN,NaN
NaN,NaN,NaN,NaN,NaN,NaN,NaN,NaN,NaN,NaN,NaN,NaN
NaN,NaN,NaN,NaN,NaN,NaN,NaN,NaN,NaN,NaN,NaN,NaN
NaN,NaN,NaN,NaN,NaN,NaN,NaN,NaN,NaN,NaN,NaN,NaN
NaN,NaN,NaN,NaN,NaN,NaN,NaN,NaN,NaN,NaN,NaN,NaN
NaN,NaN,NaN,NaN,NaN,NaN,NaN,NaN,NaN,NaN,NaN,NaN
NaN,NaN,NaN,NaN,NaN,NaN,NaN,NaN,NaN,NaN,NaN,NaN
NaN,NaN,NaN,NaN,NaN,NaN,NaN,NaN,NaN,NaN,NaN,NaN
NaN,NaN,NaN,NaN,NaN,NaN,NaN,NaN,NaN,NaN,NaN,NaN
NaN,NaN,NaN,NaN,NaN,NaN,NaN,NaN,NaN,NaN,NaN,NaN
NaN,NaN,NaN,NaN,NaN,NaN,NaN,NaN,NaN,NaN,NaN,NaN
NaN,NaN,NaN,NaN,NaN,NaN,NaN,NaN,NaN,NaN,NaN,NaN
NaN,NaN,NaN,NaN,NaN,NaN,NaN,NaN,NaN,NaN,NaN,NaN
NaN,NaN,NaN,NaN,NaN,NaN,NaN,NaN,NaN,NaN,NaN,NaN
NaN,NaN,NaN,NaN,NaN,NaN,NaN,NaN,NaN,NaN,NaN,NaN
NaN,NaN,NaN,NaN,NaN,NaN,NaN,NaN,NaN,NaN,NaN,NaN
NaN,NaN,NaN,NaN,NaN,NaN,NaN,NaN,NaN,NaN,NaN,NaN
NaN,NaN,NaN,NaN,NaN,NaN,NaN,NaN,NaN,NaN,NaN,NaN
NaN,NaN,NaN,NaN,NaN,NaN,NaN,NaN,NaN,NaN,NaN,NaN
NaN,NaN,NaN,NaN,NaN,NaN,NaN,NaN,NaN,NaN,NaN,NaN
NaN,NaN,NaN,NaN,NaN,NaN,NaN,NaN,NaN,NaN,NaN,NaN
NaN,NaN,NaN,NaN,NaN,NaN,NaN,NaN,NaN,NaN,NaN,NaN
NaN,NaN,NaN,NaN,NaN,NaN,NaN,NaN,NaN,NaN,NaN,NaN
NaN,NaN,NaN,NaN,NaN,NaN,NaN,NaN,NaN,NaN,NaN,NaN
NaN,NaN,NaN,NaN,NaN,NaN,NaN,NaN,NaN,NaN,NaN,NaN
NaN,NaN,NaN,NaN,NaN,NaN,NaN,NaN,NaN,NaN,NaN,NaN
NaN,NaN,NaN,NaN,NaN,NaN,NaN,NaN,NaN,NaN,NaN,NaN
NaN,NaN,NaN,NaN,NaN,NaN,NaN,NaN,NaN,NaN,NaN,NaN
NaN,NaN,NaN,NaN,NaN,NaN,NaN,NaN,NaN,NaN,NaN,NaN
NaN,NaN,NaN,NaN,NaN,NaN,NaN,NaN,NaN,NaN,NaN,NaN
NaN,NaN,NaN,NaN,NaN,NaN,NaN,NaN,NaN,NaN,NaN,NaN
NaN,NaN,NaN,NaN,NaN,NaN,NaN,NaN,NaN,NaN,NaN,NaN
NaN,NaN,NaN,NaN,NaN,NaN,NaN,NaN,NaN,NaN,NaN,NaN
NaN,NaN,NaN,NaN,NaN,NaN,NaN,NaN,NaN,NaN,NaN,NaN
NaN,NaN,NaN,NaN,NaN,NaN,NaN,NaN,NaN,NaN,NaN,NaN
NaN,NaN,NaN,NaN,NaN,NaN,NaN,NaN,NaN,NaN,NaN,NaN
NaN,NaN,NaN,NaN,NaN,NaN,NaN,NaN,NaN,NaN,NaN,NaN
NaN,NaN,NaN,NaN,NaN,NaN,NaN,NaN,NaN,NaN,NaN,NaN
NaN,NaN,NaN,NaN,NaN,NaN,NaN,NaN,NaN,NaN,NaN,NaN
NaN,NaN,NaN,NaN,NaN,NaN,NaN,NaN,NaN,NaN,NaN,NaN
NaN,NaN,NaN,NaN,NaN,NaN,NaN,NaN,NaN,NaN,NaN,NaN
NaN,NaN,NaN,NaN,NaN,NaN,NaN,NaN,NaN,NaN,NaN,NaN
NaN,NaN,NaN,NaN,NaN,NaN,NaN,NaN,NaN,NaN,NaN,NaN
NaN,NaN,NaN,NaN,NaN,NaN,NaN,NaN,NaN,NaN,NaN,NaN
NaN,NaN,NaN,NaN,NaN,NaN,NaN,NaN,NaN,NaN,NaN,NaN
NaN,NaN,NaN,NaN,NaN,NaN,NaN,NaN,NaN,NaN,NaN,NaN
NaN,NaN,NaN,NaN,NaN,NaN,NaN,NaN,NaN,NaN,NaN,NaN
NaN,NaN,NaN,NaN,NaN,NaN,NaN,NaN,NaN,NaN,NaN,NaN
NaN,NaN,NaN,NaN,NaN,NaN,NaN,NaN,NaN,NaN,NaN,NaN
NaN,NaN,NaN,NaN,NaN,NaN,NaN,NaN,NaN,NaN,NaN,NaN
NaN,NaN,NaN,NaN,NaN,NaN,NaN,NaN,NaN,NaN,NaN,NaN
NaN,NaN,NaN,NaN,NaN,NaN,NaN,NaN,NaN,NaN,NaN,NaN
NaN,NaN,NaN,NaN,NaN,NaN,NaN,NaN,NaN,NaN,NaN,NaN
NaN,NaN,NaN,NaN,NaN,NaN,NaN,NaN,NaN,NaN,NaN,NaN
NaN,NaN,NaN,NaN,NaN,NaN,NaN,NaN,NaN,NaN,NaN,NaN
NaN,NaN,NaN,NaN,NaN,NaN,NaN,NaN,NaN,NaN,NaN,NaN
NaN,NaN,NaN,NaN,NaN,NaN,NaN,NaN,NaN,NaN,NaN,NaN
NaN,NaN,NaN,NaN,NaN,NaN,NaN,NaN,NaN,NaN,NaN,NaN
NaN,NaN,NaN,NaN,NaN,NaN,NaN,NaN,NaN,NaN,NaN,NaN
NaN,NaN,NaN,NaN,NaN,NaN,NaN,NaN,NaN,NaN,NaN,NaN
NaN,NaN,NaN,NaN,NaN,NaN,NaN,NaN,NaN,NaN,NaN,NaN
NaN,NaN,NaN,NaN,NaN,NaN,NaN,NaN,NaN,NaN,NaN,NaN
NaN,NaN,NaN,NaN,NaN,NaN,NaN,NaN,NaN,NaN,NaN,NaN
NaN,NaN,NaN,NaN,NaN,NaN,NaN,NaN,NaN,NaN,NaN,NaN
NaN,NaN,NaN,NaN,NaN,NaN,NaN,NaN,NaN,NaN,NaN,NaN
NaN,NaN,NaN,NaN,NaN,NaN,NaN,NaN,NaN,NaN,NaN,NaN
NaN,NaN,NaN,NaN,NaN,NaN,NaN,NaN,NaN,NaN,NaN,NaN
NaN,NaN,NaN,NaN,NaN,NaN,NaN,NaN,NaN,NaN,NaN,NaN
NaN,NaN,NaN,NaN,NaN,NaN,NaN,NaN,NaN,NaN,NaN,NaN
NaN,NaN,NaN,NaN,NaN,NaN,NaN,NaN,NaN,NaN,NaN,NaN
NaN,NaN,NaN,NaN,NaN,NaN,NaN,NaN,NaN,NaN,NaN,NaN
NaN,NaN,NaN,NaN,NaN,NaN,NaN,NaN,NaN,NaN,NaN,NaN
NaN,NaN,NaN,NaN,NaN,NaN,NaN,NaN,NaN,NaN,NaN,NaN
NaN,NaN,NaN,NaN,NaN,NaN,NaN,NaN,NaN,NaN,NaN,NaN
NaN,NaN,NaN,NaN,NaN,NaN,NaN,NaN,NaN,NaN,NaN,NaN
NaN,NaN,NaN,NaN,NaN,NaN,NaN,NaN,NaN,NaN,NaN,NaN
NaN,NaN,NaN,NaN,NaN,NaN,NaN,NaN,NaN,NaN,NaN,NaN
NaN,NaN,NaN,NaN,NaN,NaN,NaN,NaN,NaN,NaN,NaN,NaN
NaN,NaN,NaN,NaN,NaN,NaN,NaN,NaN,NaN,NaN,NaN,NaN
NaN,NaN,NaN,NaN,NaN,NaN,NaN,NaN,NaN,NaN,NaN,NaN
NaN,NaN,NaN,NaN,NaN,NaN,NaN,NaN,NaN,NaN,NaN,NaN
NaN,NaN,NaN,NaN,NaN,NaN,NaN,NaN,NaN,NaN,NaN,NaN
NaN,NaN,NaN,NaN,NaN,NaN,NaN,NaN,NaN,NaN,NaN,NaN
NaN,NaN,NaN,NaN,NaN,NaN,NaN,NaN,NaN,NaN,NaN,NaN
NaN,NaN,NaN,NaN,NaN,NaN,NaN,NaN,NaN,NaN,NaN,NaN
NaN,NaN,NaN,NaN,NaN,NaN,NaN,NaN,NaN,NaN,NaN,NaN
NaN,NaN,NaN,NaN,NaN,NaN,NaN,NaN,NaN,NaN,NaN,NaN
NaN,NaN,NaN,NaN,NaN,NaN,NaN,NaN,NaN,NaN,NaN,NaN
NaN,NaN,NaN,NaN,NaN,NaN,NaN,NaN,NaN,NaN,NaN,NaN
NaN,NaN,NaN,NaN,NaN,NaN,NaN,NaN,NaN,NaN,NaN,NaN
NaN,NaN,NaN,NaN,NaN,NaN,NaN,NaN,NaN,NaN,NaN,NaN
NaN,NaN,NaN,NaN,NaN,NaN,NaN,NaN,NaN,NaN,NaN,NaN
NaN,NaN,NaN,NaN,NaN,NaN,NaN,NaN,NaN,NaN,NaN,NaN
NaN,NaN,NaN,NaN,NaN,NaN,NaN,NaN,NaN,NaN,NaN,NaN
NaN,NaN,NaN,NaN,NaN,NaN,NaN,NaN,NaN,NaN,NaN,NaN
NaN,NaN,NaN,NaN,NaN,NaN,NaN,NaN,NaN,NaN,NaN,NaN
NaN,NaN,NaN,NaN,NaN,NaN,NaN,NaN,NaN,NaN,NaN,NaN
NaN,NaN,NaN,NaN,NaN,NaN,NaN,NaN,NaN,NaN,NaN,NaN
NaN,NaN,NaN,NaN,NaN,NaN,NaN,NaN,NaN,NaN,NaN,NaN
NaN,NaN,NaN,NaN,NaN,NaN,NaN,NaN,NaN,NaN,NaN,NaN
NaN,NaN,NaN,NaN,NaN,NaN,NaN,NaN,NaN,NaN,NaN,NaN
NaN,NaN,NaN,NaN,NaN,NaN,NaN,NaN,NaN,NaN,NaN,NaN
NaN,NaN,NaN,NaN,NaN,NaN,NaN,NaN,NaN,NaN,NaN,NaN
NaN,NaN,NaN,NaN,NaN,NaN,NaN,NaN,NaN,NaN,NaN,NaN
NaN,NaN,NaN,NaN,NaN,NaN,NaN,NaN,NaN,NaN,NaN,NaN
NaN,NaN,NaN,NaN,NaN,NaN,NaN,NaN,NaN,NaN,NaN,NaN
NaN,NaN,NaN,NaN,NaN,NaN,NaN,NaN,NaN,NaN,NaN,NaN
NaN,NaN,NaN,NaN,NaN,NaN,NaN,NaN,NaN,NaN,NaN,NaN
NaN,NaN,NaN,NaN,NaN,NaN,NaN,NaN,NaN,NaN,NaN,NaN
NaN,NaN,NaN,NaN,NaN,NaN,NaN,NaN,NaN,NaN,NaN,NaN
NaN,NaN,NaN,NaN,NaN,NaN,NaN,NaN,NaN,NaN,NaN,NaN
NaN,NaN,NaN,NaN,NaN,NaN,NaN,NaN,NaN,NaN,NaN,NaN
NaN,NaN,NaN,NaN,NaN,NaN,NaN,NaN,NaN,NaN,NaN,NaN
NaN,NaN,NaN,NaN,NaN,NaN,NaN,NaN,NaN,NaN,NaN,NaN
NaN,NaN,NaN,NaN,NaN,NaN,NaN,NaN,NaN,NaN,NaN,NaN
NaN,NaN,NaN,NaN,NaN,NaN,NaN,NaN,NaN,NaN,NaN,NaN
NaN,NaN,NaN,NaN,NaN,NaN,NaN,NaN,NaN,NaN,NaN,NaN
NaN,NaN,NaN,NaN,NaN,NaN,NaN,NaN,NaN,NaN,NaN,NaN
NaN,NaN,NaN,NaN,NaN,NaN,NaN,NaN,NaN,NaN,NaN,NaN
NaN,NaN,NaN,NaN,NaN,NaN,NaN,NaN,NaN,NaN,NaN,NaN
NaN,NaN,NaN,NaN,NaN,NaN,NaN,NaN,NaN,NaN,NaN,NaN
NaN,NaN,NaN,NaN,NaN,NaN,NaN,NaN,NaN,NaN,NaN,NaN
NaN,NaN,NaN,NaN,NaN,NaN,NaN,NaN,NaN,NaN,NaN,NaN
NaN,NaN,NaN,NaN,NaN,NaN,NaN,NaN,NaN,NaN,NaN,NaN
NaN,NaN,NaN,NaN,NaN,NaN,NaN,NaN,NaN,NaN,NaN,NaN
NaN,NaN,NaN,NaN,NaN,NaN,NaN,NaN,NaN,NaN,NaN,NaN
NaN,NaN,NaN,NaN,NaN,NaN,NaN,NaN,NaN,NaN,NaN,NaN
NaN,NaN,NaN,NaN,NaN,NaN,NaN,NaN,NaN,NaN,NaN,NaN
NaN,NaN,NaN,NaN,NaN,NaN,NaN,NaN,NaN,NaN,NaN,NaN
NaN,NaN,NaN,NaN,NaN,NaN,NaN,NaN,NaN,NaN,NaN,NaN
NaN,NaN,NaN,NaN,NaN,NaN,NaN,NaN,NaN,NaN,NaN,NaN
NaN,NaN,NaN,NaN,NaN,NaN,NaN,NaN,NaN,NaN,NaN,NaN
NaN,NaN,NaN,NaN,NaN,NaN,NaN,NaN,NaN,NaN,NaN,NaN
NaN,NaN,NaN,NaN,NaN,NaN,NaN,NaN,NaN,NaN,NaN,NaN
NaN,NaN,NaN,NaN,NaN,NaN,NaN,NaN,NaN,NaN,NaN,NaN
NaN,NaN,NaN,NaN,NaN,NaN,NaN,NaN,NaN,NaN,NaN,NaN
NaN,NaN,NaN,NaN,NaN,NaN,NaN,NaN,NaN,NaN,NaN,NaN
NaN,NaN,NaN,NaN,NaN,NaN,NaN,NaN,NaN,NaN,NaN,NaN
NaN,NaN,NaN,NaN,NaN,NaN,NaN,NaN,NaN,NaN,NaN,NaN
NaN,NaN,NaN,NaN,NaN,NaN,NaN,NaN,NaN,NaN,NaN,NaN
NaN,NaN,NaN,NaN,NaN,NaN,NaN,NaN,NaN,NaN,NaN,NaN
NaN,NaN,NaN,NaN,NaN,NaN,NaN,NaN,NaN,NaN,NaN,NaN
NaN,NaN,NaN,NaN,NaN,NaN,NaN,NaN,NaN,NaN,NaN,NaN
NaN,NaN,NaN,NaN,NaN,NaN,NaN,NaN,NaN,NaN,NaN,NaN
NaN,NaN,NaN,NaN,NaN,NaN,NaN,NaN,NaN,NaN,NaN,NaN
NaN,NaN,NaN,NaN,NaN,NaN,NaN,NaN,NaN,NaN,NaN,NaN
NaN,NaN,NaN,NaN,NaN,NaN,NaN,NaN,NaN,NaN,NaN,NaN
NaN,NaN,NaN,NaN,NaN,NaN,NaN,NaN,NaN,NaN,NaN,NaN
NaN,NaN,NaN,NaN,NaN,NaN,NaN,NaN,NaN,NaN,NaN,NaN
NaN,NaN,NaN,NaN,NaN,NaN,NaN,NaN,NaN,NaN,NaN,NaN
NaN,NaN,NaN,NaN,NaN,NaN,NaN,NaN,NaN,NaN,NaN,NaN
NaN,NaN,NaN,NaN,NaN,NaN,NaN,NaN,NaN,NaN,NaN,NaN
NaN,NaN,NaN,NaN,NaN,NaN,NaN,NaN,NaN,NaN,NaN,NaN
NaN,NaN,NaN,NaN,NaN,NaN,NaN,NaN,NaN,NaN,NaN,NaN
NaN,NaN,NaN,NaN,NaN,NaN,NaN,NaN,NaN,NaN,NaN,NaN
NaN,NaN,NaN,NaN,NaN,NaN,NaN,NaN,NaN,NaN,NaN,NaN
NaN,NaN,NaN,NaN,NaN,NaN,NaN,NaN,NaN,NaN,NaN,NaN
NaN,NaN,NaN,NaN,NaN,NaN,NaN,NaN,NaN,NaN,NaN,NaN
NaN,NaN,NaN,NaN,NaN,NaN,NaN,NaN,NaN,NaN,NaN,NaN
NaN,NaN,NaN,NaN,NaN,NaN,NaN,NaN,NaN,NaN,NaN,NaN
NaN,NaN,NaN,NaN,NaN,NaN,NaN,NaN,NaN,NaN,NaN,NaN
NaN,NaN,NaN,NaN,NaN,NaN,NaN,NaN,NaN,NaN,NaN,NaN
NaN,NaN,NaN,NaN,NaN,NaN,NaN,NaN,NaN,NaN,NaN,NaN
NaN,NaN,NaN,NaN,NaN,NaN,NaN,NaN,NaN,NaN,NaN,NaN
NaN,NaN,NaN,NaN,NaN,NaN,NaN,NaN,NaN,NaN,NaN,NaN
NaN,NaN,NaN,NaN,NaN,NaN,NaN,NaN,NaN,NaN,NaN,NaN
NaN,NaN,NaN,NaN,NaN,NaN,NaN,NaN,NaN,NaN,NaN,NaN
NaN,NaN,NaN,NaN,NaN,NaN,NaN,NaN,NaN,NaN,NaN,NaN
NaN,NaN,NaN,NaN,NaN,NaN,NaN,NaN,NaN,NaN,NaN,NaN
NaN,NaN,NaN,NaN,NaN,NaN,NaN,NaN,NaN,NaN,NaN,NaN
NaN,NaN,NaN,NaN,NaN,NaN,NaN,NaN,NaN,NaN,NaN,NaN
NaN,NaN,NaN,NaN,NaN,NaN,NaN,NaN,NaN,NaN,NaN,NaN
NaN,NaN,NaN,NaN,NaN,NaN,NaN,NaN,NaN,NaN,NaN,NaN
NaN,NaN,NaN,NaN,NaN,NaN,NaN,NaN,NaN,NaN,NaN,NaN
NaN,NaN,NaN,NaN,NaN,NaN,NaN,NaN,NaN,NaN,NaN,NaN
NaN,NaN,NaN,NaN,NaN,NaN,NaN,NaN,NaN,NaN,NaN,NaN
NaN,NaN,NaN,NaN,NaN,NaN,NaN,NaN,NaN,NaN,NaN,NaN
NaN,NaN,NaN,NaN,NaN,NaN,NaN,NaN,NaN,NaN,NaN,NaN
NaN,NaN,NaN,NaN,NaN,NaN,NaN,NaN,NaN,NaN,NaN,NaN
NaN,NaN,NaN,NaN,NaN,NaN,NaN,NaN,NaN,NaN,NaN,NaN
NaN,NaN,NaN,NaN,NaN,NaN,NaN,NaN,NaN,NaN,NaN,NaN
NaN,NaN,NaN,NaN,NaN,NaN,NaN,NaN,NaN,NaN,NaN,NaN
NaN,NaN,NaN,NaN,NaN,NaN,NaN,NaN,NaN,NaN,NaN,NaN
NaN,NaN,NaN,NaN,NaN,NaN,NaN,NaN,NaN,NaN,NaN,NaN
NaN,NaN,NaN,NaN,NaN,NaN,NaN,NaN,NaN,NaN,NaN,NaN
NaN,NaN,NaN,NaN,NaN,NaN,NaN,NaN,NaN,NaN,NaN,NaN
NaN,NaN,NaN,NaN,NaN,NaN,NaN,NaN,NaN,NaN,NaN,NaN
NaN,NaN,NaN,NaN,NaN,NaN,NaN,NaN,NaN,NaN,NaN,NaN
NaN,NaN,NaN,NaN,NaN,NaN,NaN,NaN,NaN,NaN,NaN,NaN
NaN,NaN,NaN,NaN,NaN,NaN,NaN,NaN,NaN,NaN,NaN,NaN
NaN,NaN,NaN,NaN,NaN,NaN,NaN,NaN,NaN,NaN,NaN,NaN
NaN,NaN,NaN,NaN,NaN,NaN,NaN,NaN,NaN,NaN,NaN,NaN
NaN,NaN,NaN,NaN,NaN,NaN,NaN,NaN,NaN,NaN,NaN,NaN
NaN,NaN,NaN,NaN,NaN,NaN,NaN,NaN,NaN,NaN,NaN,NaN
NaN,NaN,NaN,NaN,NaN,NaN,NaN,NaN,NaN,NaN,NaN,NaN
NaN,NaN,NaN,NaN,NaN,NaN,NaN,NaN,NaN,NaN,NaN,NaN
NaN,NaN,NaN,NaN,NaN,NaN,NaN,NaN,NaN,NaN,NaN,NaN
NaN,NaN,NaN,NaN,NaN,NaN,NaN,NaN,NaN,NaN,NaN,NaN
NaN,NaN,NaN,NaN,NaN,NaN,NaN,NaN,NaN,NaN,NaN,NaN
NaN,NaN,NaN,NaN,NaN,NaN,NaN,NaN,NaN,NaN,NaN,NaN
NaN,NaN,NaN,NaN,NaN,NaN,NaN,NaN,NaN,NaN,NaN,NaN
NaN,NaN,NaN,NaN,NaN,NaN,NaN,NaN,NaN,NaN,NaN,NaN
NaN,NaN,NaN,NaN,NaN,NaN,NaN,NaN,NaN,NaN,NaN,NaN
NaN,NaN,NaN,NaN,NaN,NaN,NaN,NaN,NaN,NaN,NaN,NaN
NaN,NaN,NaN,NaN,NaN,NaN,NaN,NaN,NaN,NaN,NaN,NaN
NaN,NaN,NaN,NaN,NaN,NaN,NaN,NaN,NaN,NaN,NaN,NaN
NaN,NaN,NaN,NaN,NaN,NaN,NaN,NaN,NaN,NaN,NaN,NaN
NaN,NaN,NaN,NaN,NaN,NaN,NaN,NaN,NaN,NaN,NaN,NaN
NaN,NaN,NaN,NaN,NaN,NaN,NaN,NaN,NaN,NaN,NaN,NaN
NaN,NaN,NaN,NaN,NaN,NaN,NaN,NaN,NaN,NaN,NaN,NaN
NaN,NaN,NaN,NaN,NaN,NaN,NaN,NaN,NaN,NaN,NaN,NaN
NaN,NaN,NaN,NaN,NaN,NaN,NaN,NaN,NaN,NaN,NaN,NaN
NaN,NaN,NaN,NaN,NaN,NaN,NaN,NaN,NaN,NaN,NaN,NaN
NaN,NaN,NaN,NaN,NaN,NaN,NaN,NaN,NaN,NaN,NaN,NaN
NaN,NaN,NaN,NaN,NaN,NaN,NaN,NaN,NaN,NaN,NaN,NaN
NaN,NaN,NaN,NaN,NaN,NaN,NaN,NaN,NaN,NaN,NaN,NaN
NaN,NaN,NaN,NaN,NaN,NaN,NaN,NaN,NaN,NaN,NaN,NaN
NaN,NaN,NaN,NaN,NaN,NaN,NaN,NaN,NaN,NaN,NaN,NaN
NaN,NaN,NaN,NaN,NaN,NaN,NaN,NaN,NaN,NaN,NaN,NaN
NaN,NaN,NaN,NaN,NaN,NaN,NaN,NaN,NaN,NaN,NaN,NaN
NaN,NaN,NaN,NaN,NaN,NaN,NaN,NaN,NaN,NaN,NaN,NaN
NaN,NaN,NaN,NaN,NaN,NaN,NaN,NaN,NaN,NaN,NaN,NaN
NaN,NaN,NaN,NaN,NaN,NaN,NaN,NaN,NaN,NaN,NaN,NaN
NaN,NaN,NaN,NaN,NaN,NaN,NaN,NaN,NaN,NaN,NaN,NaN
NaN,NaN,NaN,NaN,NaN,NaN,NaN,NaN,NaN,NaN,NaN,NaN
NaN,NaN,NaN,NaN,NaN,NaN,NaN,NaN,NaN,NaN,NaN,NaN
NaN,NaN,NaN,NaN,NaN,NaN,NaN,NaN,NaN,NaN,NaN,NaN
NaN,NaN,NaN,NaN,NaN,NaN,NaN,NaN,NaN,NaN,NaN,NaN
NaN,NaN,NaN,NaN,NaN,NaN,NaN,NaN,NaN,NaN,NaN,NaN
NaN,NaN,NaN,NaN,NaN,NaN,NaN,NaN,NaN,NaN,NaN,NaN
NaN,NaN,NaN,NaN,NaN,NaN,NaN,NaN,NaN,NaN,NaN,NaN
NaN,NaN,NaN,NaN,NaN,NaN,NaN,NaN,NaN,NaN,NaN,NaN
NaN,NaN,NaN,NaN,NaN,NaN,NaN,NaN,NaN,NaN,NaN,NaN
NaN,NaN,NaN,NaN,NaN,NaN,NaN,NaN,NaN,NaN,NaN,NaN
NaN,NaN,NaN,NaN,NaN,NaN,NaN,NaN,NaN,NaN,NaN,NaN
NaN,NaN,NaN,NaN,NaN,NaN,NaN,NaN,NaN,NaN,NaN,NaN
NaN,NaN,NaN,NaN,NaN,NaN,NaN,NaN,NaN,NaN,NaN,NaN
NaN,NaN,NaN,NaN,NaN,NaN,NaN,NaN,NaN,NaN,NaN,NaN
